station_id,date,element,value,measurement_flag,quality_flag,source_flag,year_month
HIST202400,2024-06-01,TMAX,20.7,,,synthetic,2024-06
HIST202400,2024-06-01,TMIN,10.6,,,synthetic,2024-06
HIST202400,2024-06-01,PRCP,0.0,,,synthetic,2024-06
HIST202401,2024-06-01,TMAX,19.8,,,synthetic,2024-06
HIST202401,2024-06-01,TMIN,9.6,,,synthetic,2024-06
HIST202401,2024-06-01,PRCP,,,,synthetic,2024-06
HIST202402,2024-06-01,TMAX,21.0,,,synthetic,2024-06
HIST202402,2024-06-01,TMIN,9.1,,,synthetic,2024-06
HIST202402,2024-06-01,PRCP,7.3,,,synthetic,2024-06
HIST202403,2024-06-01,TMAX,12.7,,,synthetic,2024-06
HIST202403,2024-06-01,TMIN,3.7,,,synthetic,2024-06
HIST202403,2024-06-01,PRCP,0.0,,,synthetic,2024-06
HIST202404,2024-06-01,TMAX,18.8,,,synthetic,2024-06
HIST202404,2024-06-01,TMIN,10.5,,,synthetic,2024-06
HIST202404,2024-06-01,PRCP,4.7,,,synthetic,2024-06
HIST202405,2024-06-01,TMAX,22.4,,,synthetic,2024-06
HIST202405,2024-06-01,TMIN,13.0,,,synthetic,2024-06
HIST202405,2024-06-01,PRCP,0.0,,,synthetic,2024-06
HIST202406,2024-06-01,TMAX,17.5,,,synthetic,2024-06
HIST202406,2024-06-01,TMIN,6.5,,,synthetic,2024-06
HIST202406,2024-06-01,PRCP,8.0,,,synthetic,2024-06
HIST202407,2024-06-01,TMAX,21.6,,,synthetic,2024-06
HIST202407,2024-06-01,TMIN,10.3,,,synthetic,2024-06
HIST202407,2024-06-01,PRCP,11.6,,,synthetic,2024-06
HIST202408,2024-06-01,TMAX,23.3,,,synthetic,2024-06
HIST202408,2024-06-01,TMIN,13.2,,,synthetic,2024-06
HIST202408,2024-06-01,PRCP,0.0,,,synthetic,2024-06
HIST202409,2024-06-01,TMAX,17.8,,,synthetic,2024-06
HIST202409,2024-06-01,TMIN,9.4,,,synthetic,2024-06
HIST202409,2024-06-01,PRCP,0.0,,,synthetic,2024-06
HIST202410,2024-06-01,TMAX,20.9,,,synthetic,2024-06
HIST202410,2024-06-01,TMIN,12.1,,,synthetic,2024-06
HIST202410,2024-06-01,PRCP,0.0,,,synthetic,2024-06
HIST202411,2024-06-01,TMAX,21.1,,,synthetic,2024-06
HIST202411,2024-06-01,TMIN,9.3,,,synthetic,2024-06
HIST202411,2024-06-01,PRCP,0.0,,,synthetic,2024-06
HIST202400,2024-06-02,TMAX,18.2,,,synthetic,2024-06
HIST202400,2024-06-02,TMIN,6.4,,,synthetic,2024-06
HIST202400,2024-06-02,PRCP,0.0,,,synthetic,2024-06
HIST202401,2024-06-02,TMAX,17.4,,,synthetic,2024-06
HIST202401,2024-06-02,TMIN,9.2,,,synthetic,2024-06
HIST202401,2024-06-02,PRCP,0.0,,,synthetic,2024-06
HIST202402,2024-06-02,TMAX,24.4,,,synthetic,2024-06
HIST202402,2024-06-02,TMIN,12.5,,,synthetic,2024-06
HIST202402,2024-06-02,PRCP,1.0,,,synthetic,2024-06
HIST202403,2024-06-02,TMAX,16.6,,,synthetic,2024-06
HIST202403,2024-06-02,TMIN,6.6,,,synthetic,2024-06
HIST202403,2024-06-02,PRCP,0.0,,,synthetic,2024-06
HIST202404,2024-06-02,TMAX,19.1,,,synthetic,2024-06
HIST202404,2024-06-02,TMIN,11.0,,,synthetic,2024-06
HIST202404,2024-06-02,PRCP,,,,synthetic,2024-06
HIST202405,2024-06-02,TMAX,21.9,,,synthetic,2024-06
HIST202405,2024-06-02,TMIN,11.9,,,synthetic,2024-06
HIST202405,2024-06-02,PRCP,6.9,,,synthetic,2024-06
HIST202406,2024-06-02,TMAX,14.2,,,synthetic,2024-06
HIST202406,2024-06-02,TMIN,3.0,,,synthetic,2024-06
HIST202406,2024-06-02,PRCP,0.0,,,synthetic,2024-06
HIST202407,2024-06-02,TMAX,18.2,,,synthetic,2024-06
HIST202407,2024-06-02,TMIN,8.5,,,synthetic,2024-06
HIST202407,2024-06-02,PRCP,0.0,,,synthetic,2024-06
HIST202408,2024-06-02,TMAX,19.1,,,synthetic,2024-06
HIST202408,2024-06-02,TMIN,,,,synthetic,2024-06
HIST202408,2024-06-02,PRCP,0.0,,,synthetic,2024-06
HIST202409,2024-06-02,TMAX,15.1,,,synthetic,2024-06
HIST202409,2024-06-02,TMIN,5.5,,,synthetic,2024-06
HIST202409,2024-06-02,PRCP,12.0,,,synthetic,2024-06
HIST202410,2024-06-02,TMAX,18.9,,,synthetic,2024-06
HIST202410,2024-06-02,TMIN,10.7,,,synthetic,2024-06
HIST202410,2024-06-02,PRCP,0.0,,,synthetic,2024-06
HIST202411,2024-06-02,TMAX,23.2,,,synthetic,2024-06
HIST202411,2024-06-02,TMIN,12.2,,,synthetic,2024-06
HIST202411,2024-06-02,PRCP,,,,synthetic,2024-06
HIST202400,2024-06-03,TMAX,19.4,,,synthetic,2024-06
HIST202400,2024-06-03,TMIN,11.1,,,synthetic,2024-06
HIST202400,2024-06-03,PRCP,0.0,,,synthetic,2024-06
HIST202401,2024-06-03,TMAX,,,,synthetic,2024-06
HIST202401,2024-06-03,TMIN,,,,synthetic,2024-06
HIST202401,2024-06-03,PRCP,0.0,,,synthetic,2024-06
HIST202402,2024-06-03,TMAX,22.7,,,synthetic,2024-06
HIST202402,2024-06-03,TMIN,10.9,,,synthetic,2024-06
HIST202402,2024-06-03,PRCP,0.0,,,synthetic,2024-06
HIST202403,2024-06-03,TMAX,19.4,,,synthetic,2024-06
HIST202403,2024-06-03,TMIN,9.6,,,synthetic,2024-06
HIST202403,2024-06-03,PRCP,0.0,,,synthetic,2024-06
HIST202404,2024-06-03,TMAX,17.7,,,synthetic,2024-06
HIST202404,2024-06-03,TMIN,7.4,,,synthetic,2024-06
HIST202404,2024-06-03,PRCP,0.0,,,synthetic,2024-06
HIST202405,2024-06-03,TMAX,20.6,,,synthetic,2024-06
HIST202405,2024-06-03,TMIN,9.4,,,synthetic,2024-06
HIST202405,2024-06-03,PRCP,0.0,,,synthetic,2024-06
HIST202406,2024-06-03,TMAX,17.3,,,synthetic,2024-06
HIST202406,2024-06-03,TMIN,8.9,,,synthetic,2024-06
HIST202406,2024-06-03,PRCP,4.7,,,synthetic,2024-06
HIST202407,2024-06-03,TMAX,16.2,,,synthetic,2024-06
HIST202407,2024-06-03,TMIN,5.5,,,synthetic,2024-06
HIST202407,2024-06-03,PRCP,0.0,,,synthetic,2024-06
HIST202408,2024-06-03,TMAX,18.0,,,synthetic,2024-06
HIST202408,2024-06-03,TMIN,7.8,,,synthetic,2024-06
HIST202408,2024-06-03,PRCP,0.0,,,synthetic,2024-06
HIST202409,2024-06-03,TMAX,16.7,,,synthetic,2024-06
HIST202409,2024-06-03,TMIN,6.4,,,synthetic,2024-06
HIST202409,2024-06-03,PRCP,0.8,,,synthetic,2024-06
HIST202410,2024-06-03,TMAX,19.8,,,synthetic,2024-06
HIST202410,2024-06-03,TMIN,7.9,,,synthetic,2024-06
HIST202410,2024-06-03,PRCP,1.5,,,synthetic,2024-06
HIST202411,2024-06-03,TMAX,22.8,,,synthetic,2024-06
HIST202411,2024-06-03,TMIN,11.0,,,synthetic,2024-06
HIST202411,2024-06-03,PRCP,8.0,,,synthetic,2024-06
HIST202400,2024-06-04,TMAX,17.2,,,synthetic,2024-06
HIST202400,2024-06-04,TMIN,9.0,,,synthetic,2024-06
HIST202400,2024-06-04,PRCP,0.0,,,synthetic,2024-06
HIST202401,2024-06-04,TMAX,16.8,,,synthetic,2024-06
HIST202401,2024-06-04,TMIN,5.7,,,synthetic,2024-06
HIST202401,2024-06-04,PRCP,0.0,,,synthetic,2024-06
HIST202402,2024-06-04,TMAX,18.1,,,synthetic,2024-06
HIST202402,2024-06-04,TMIN,6.5,,,synthetic,2024-06
HIST202402,2024-06-04,PRCP,3.2,,,synthetic,2024-06
HIST202403,2024-06-04,TMAX,15.2,,,synthetic,2024-06
HIST202403,2024-06-04,TMIN,3.6,,,synthetic,2024-06
HIST202403,2024-06-04,PRCP,0.0,,,synthetic,2024-06
HIST202404,2024-06-04,TMAX,16.2,,,synthetic,2024-06
HIST202404,2024-06-04,TMIN,5.8,,,synthetic,2024-06
HIST202404,2024-06-04,PRCP,0.0,,,synthetic,2024-06
HIST202405,2024-06-04,TMAX,20.3,,,synthetic,2024-06
HIST202405,2024-06-04,TMIN,10.9,,,synthetic,2024-06
HIST202405,2024-06-04,PRCP,0.0,,,synthetic,2024-06
HIST202406,2024-06-04,TMAX,17.8,,,synthetic,2024-06
HIST202406,2024-06-04,TMIN,7.4,,,synthetic,2024-06
HIST202406,2024-06-04,PRCP,0.0,,,synthetic,2024-06
HIST202407,2024-06-04,TMAX,20.4,,,synthetic,2024-06
HIST202407,2024-06-04,TMIN,11.6,,,synthetic,2024-06
HIST202407,2024-06-04,PRCP,2.3,,,synthetic,2024-06
HIST202408,2024-06-04,TMAX,,,,synthetic,2024-06
HIST202408,2024-06-04,TMIN,8.5,,,synthetic,2024-06
HIST202408,2024-06-04,PRCP,0.0,,,synthetic,2024-06
HIST202409,2024-06-04,TMAX,15.6,,,synthetic,2024-06
HIST202409,2024-06-04,TMIN,4.7,,,synthetic,2024-06
HIST202409,2024-06-04,PRCP,0.0,,,synthetic,2024-06
HIST202410,2024-06-04,TMAX,,,,synthetic,2024-06
HIST202410,2024-06-04,TMIN,7.1,,,synthetic,2024-06
HIST202410,2024-06-04,PRCP,0.0,,,synthetic,2024-06
HIST202411,2024-06-04,TMAX,18.7,,,synthetic,2024-06
HIST202411,2024-06-04,TMIN,8.0,,,synthetic,2024-06
HIST202411,2024-06-04,PRCP,0.7,,,synthetic,2024-06
HIST202400,2024-06-05,TMAX,15.5,,,synthetic,2024-06
HIST202400,2024-06-05,TMIN,6.6,,,synthetic,2024-06
HIST202400,2024-06-05,PRCP,0.0,,,synthetic,2024-06
HIST202401,2024-06-05,TMAX,23.2,,,synthetic,2024-06
HIST202401,2024-06-05,TMIN,11.3,,,synthetic,2024-06
HIST202401,2024-06-05,PRCP,0.0,,,synthetic,2024-06
HIST202402,2024-06-05,TMAX,18.3,,,synthetic,2024-06
HIST202402,2024-06-05,TMIN,7.6,,,synthetic,2024-06
HIST202402,2024-06-05,PRCP,0.0,,,synthetic,2024-06
HIST202403,2024-06-05,TMAX,13.9,,,synthetic,2024-06
HIST202403,2024-06-05,TMIN,3.4,,,synthetic,2024-06
HIST202403,2024-06-05,PRCP,0.0,,,synthetic,2024-06
HIST202404,2024-06-05,TMAX,21.6,,,synthetic,2024-06
HIST202404,2024-06-05,TMIN,13.6,,,synthetic,2024-06
HIST202404,2024-06-05,PRCP,0.0,,,synthetic,2024-06
HIST202405,2024-06-05,TMAX,20.6,,,synthetic,2024-06
HIST202405,2024-06-05,TMIN,,,,synthetic,2024-06
HIST202405,2024-06-05,PRCP,0.0,,,synthetic,2024-06
HIST202406,2024-06-05,TMAX,15.7,,,synthetic,2024-06
HIST202406,2024-06-05,TMIN,6.7,,,synthetic,2024-06
HIST202406,2024-06-05,PRCP,0.2,,,synthetic,2024-06
HIST202407,2024-06-05,TMAX,20.0,,,synthetic,2024-06
HIST202407,2024-06-05,TMIN,9.2,,,synthetic,2024-06
HIST202407,2024-06-05,PRCP,0.0,,,synthetic,2024-06
HIST202408,2024-06-05,TMAX,18.5,,,synthetic,2024-06
HIST202408,2024-06-05,TMIN,6.8,,,synthetic,2024-06
HIST202408,2024-06-05,PRCP,0.0,,,synthetic,2024-06
HIST202409,2024-06-05,TMAX,15.1,,,synthetic,2024-06
HIST202409,2024-06-05,TMIN,4.2,,,synthetic,2024-06
HIST202409,2024-06-05,PRCP,0.0,,,synthetic,2024-06
HIST202410,2024-06-05,TMAX,19.0,,,synthetic,2024-06
HIST202410,2024-06-05,TMIN,10.1,,,synthetic,2024-06
HIST202410,2024-06-05,PRCP,0.0,,,synthetic,2024-06
HIST202411,2024-06-05,TMAX,20.1,,,synthetic,2024-06
HIST202411,2024-06-05,TMIN,11.8,,,synthetic,2024-06
HIST202411,2024-06-05,PRCP,2.4,,,synthetic,2024-06
HIST202400,2024-06-06,TMAX,17.7,,,synthetic,2024-06
HIST202400,2024-06-06,TMIN,5.8,,,synthetic,2024-06
HIST202400,2024-06-06,PRCP,0.0,,,synthetic,2024-06
HIST202401,2024-06-06,TMAX,18.3,,,synthetic,2024-06
HIST202401,2024-06-06,TMIN,9.4,,,synthetic,2024-06
HIST202401,2024-06-06,PRCP,0.0,,,synthetic,2024-06
HIST202402,2024-06-06,TMAX,20.7,,,synthetic,2024-06
HIST202402,2024-06-06,TMIN,10.4,,,synthetic,2024-06
HIST202402,2024-06-06,PRCP,0.0,,,synthetic,2024-06
HIST202403,2024-06-06,TMAX,19.0,,,synthetic,2024-06
HIST202403,2024-06-06,TMIN,,,,synthetic,2024-06
HIST202403,2024-06-06,PRCP,0.0,,,synthetic,2024-06
HIST202404,2024-06-06,TMAX,19.5,,,synthetic,2024-06
HIST202404,2024-06-06,TMIN,8.4,,,synthetic,2024-06
HIST202404,2024-06-06,PRCP,0.8,,,synthetic,2024-06
HIST202405,2024-06-06,TMAX,20.4,,,synthetic,2024-06
HIST202405,2024-06-06,TMIN,10.1,,,synthetic,2024-06
HIST202405,2024-06-06,PRCP,0.0,,,synthetic,2024-06
HIST202406,2024-06-06,TMAX,17.1,,,synthetic,2024-06
HIST202406,2024-06-06,TMIN,7.4,,,synthetic,2024-06
HIST202406,2024-06-06,PRCP,1.3,,,synthetic,2024-06
HIST202407,2024-06-06,TMAX,21.2,,,synthetic,2024-06
HIST202407,2024-06-06,TMIN,,,,synthetic,2024-06
HIST202407,2024-06-06,PRCP,0.0,,,synthetic,2024-06
HIST202408,2024-06-06,TMAX,,,,synthetic,2024-06
HIST202408,2024-06-06,TMIN,12.4,,,synthetic,2024-06
HIST202408,2024-06-06,PRCP,0.0,,,synthetic,2024-06
HIST202409,2024-06-06,TMAX,13.2,,,synthetic,2024-06
HIST202409,2024-06-06,TMIN,4.1,,,synthetic,2024-06
HIST202409,2024-06-06,PRCP,0.0,,,synthetic,2024-06
HIST202410,2024-06-06,TMAX,17.3,,,synthetic,2024-06
HIST202410,2024-06-06,TMIN,5.3,,,synthetic,2024-06
HIST202410,2024-06-06,PRCP,0.0,,,synthetic,2024-06
HIST202411,2024-06-06,TMAX,20.0,,,synthetic,2024-06
HIST202411,2024-06-06,TMIN,10.7,,,synthetic,2024-06
HIST202411,2024-06-06,PRCP,0.0,,,synthetic,2024-06
HIST202400,2024-06-07,TMAX,15.5,,,synthetic,2024-06
HIST202400,2024-06-07,TMIN,4.7,,,synthetic,2024-06
HIST202400,2024-06-07,PRCP,0.0,,,synthetic,2024-06
HIST202401,2024-06-07,TMAX,18.9,,,synthetic,2024-06
HIST202401,2024-06-07,TMIN,7.8,,,synthetic,2024-06
HIST202401,2024-06-07,PRCP,0.0,,,synthetic,2024-06
HIST202402,2024-06-07,TMAX,,,,synthetic,2024-06
HIST202402,2024-06-07,TMIN,7.2,,,synthetic,2024-06
HIST202402,2024-06-07,PRCP,0.0,,,synthetic,2024-06
HIST202403,2024-06-07,TMAX,18.4,,,synthetic,2024-06
HIST202403,2024-06-07,TMIN,9.1,,,synthetic,2024-06
HIST202403,2024-06-07,PRCP,0.0,,,synthetic,2024-06
HIST202404,2024-06-07,TMAX,20.1,,,synthetic,2024-06
HIST202404,2024-06-07,TMIN,12.0,,,synthetic,2024-06
HIST202404,2024-06-07,PRCP,0.0,,,synthetic,2024-06
HIST202405,2024-06-07,TMAX,19.3,,,synthetic,2024-06
HIST202405,2024-06-07,TMIN,9.2,,,synthetic,2024-06
HIST202405,2024-06-07,PRCP,,,,synthetic,2024-06
HIST202406,2024-06-07,TMAX,15.9,,,synthetic,2024-06
HIST202406,2024-06-07,TMIN,4.2,,,synthetic,2024-06
HIST202406,2024-06-07,PRCP,0.0,,,synthetic,2024-06
HIST202407,2024-06-07,TMAX,21.0,,,synthetic,2024-06
HIST202407,2024-06-07,TMIN,11.0,,,synthetic,2024-06
HIST202407,2024-06-07,PRCP,0.0,,,synthetic,2024-06
HIST202408,2024-06-07,TMAX,21.6,,,synthetic,2024-06
HIST202408,2024-06-07,TMIN,13.1,,,synthetic,2024-06
HIST202408,2024-06-07,PRCP,0.0,,,synthetic,2024-06
HIST202409,2024-06-07,TMAX,13.3,,,synthetic,2024-06
HIST202409,2024-06-07,TMIN,4.8,,,synthetic,2024-06
HIST202409,2024-06-07,PRCP,0.0,,,synthetic,2024-06
HIST202410,2024-06-07,TMAX,21.4,,,synthetic,2024-06
HIST202410,2024-06-07,TMIN,9.9,,,synthetic,2024-06
HIST202410,2024-06-07,PRCP,0.0,,,synthetic,2024-06
HIST202411,2024-06-07,TMAX,21.0,,,synthetic,2024-06
HIST202411,2024-06-07,TMIN,11.0,,,synthetic,2024-06
HIST202411,2024-06-07,PRCP,0.0,,,synthetic,2024-06
HIST202400,2024-06-08,TMAX,17.0,,,synthetic,2024-06
HIST202400,2024-06-08,TMIN,9.0,,,synthetic,2024-06
HIST202400,2024-06-08,PRCP,0.0,,,synthetic,2024-06
HIST202401,2024-06-08,TMAX,14.8,,,synthetic,2024-06
HIST202401,2024-06-08,TMIN,6.6,,,synthetic,2024-06
HIST202401,2024-06-08,PRCP,0.0,,,synthetic,2024-06
HIST202402,2024-06-08,TMAX,16.5,,,synthetic,2024-06
HIST202402,2024-06-08,TMIN,7.5,,,synthetic,2024-06
HIST202402,2024-06-08,PRCP,1.7,,,synthetic,2024-06
HIST202403,2024-06-08,TMAX,13.2,,,synthetic,2024-06
HIST202403,2024-06-08,TMIN,1.7,,,synthetic,2024-06
HIST202403,2024-06-08,PRCP,2.9,,,synthetic,2024-06
HIST202404,2024-06-08,TMAX,16.6,,,synthetic,2024-06
HIST202404,2024-06-08,TMIN,4.9,,,synthetic,2024-06
HIST202404,2024-06-08,PRCP,0.0,,,synthetic,2024-06
HIST202405,2024-06-08,TMAX,,,,synthetic,2024-06
HIST202405,2024-06-08,TMIN,10.9,,,synthetic,2024-06
HIST202405,2024-06-08,PRCP,0.0,,,synthetic,2024-06
HIST202406,2024-06-08,TMAX,14.9,,,synthetic,2024-06
HIST202406,2024-06-08,TMIN,5.6,,,synthetic,2024-06
HIST202406,2024-06-08,PRCP,0.0,,,synthetic,2024-06
HIST202407,2024-06-08,TMAX,20.6,,,synthetic,2024-06
HIST202407,2024-06-08,TMIN,11.9,,,synthetic,2024-06
HIST202407,2024-06-08,PRCP,0.0,,,synthetic,2024-06
HIST202408,2024-06-08,TMAX,18.5,,,synthetic,2024-06
HIST202408,2024-06-08,TMIN,7.4,,,synthetic,2024-06
HIST202408,2024-06-08,PRCP,0.0,,,synthetic,2024-06
HIST202409,2024-06-08,TMAX,17.2,,,synthetic,2024-06
HIST202409,2024-06-08,TMIN,9.2,,,synthetic,2024-06
HIST202409,2024-06-08,PRCP,0.0,,,synthetic,2024-06
HIST202410,2024-06-08,TMAX,19.9,,,synthetic,2024-06
HIST202410,2024-06-08,TMIN,10.4,,,synthetic,2024-06
HIST202410,2024-06-08,PRCP,0.0,,,synthetic,2024-06
HIST202411,2024-06-08,TMAX,21.2,,,synthetic,2024-06
HIST202411,2024-06-08,TMIN,10.2,,,synthetic,2024-06
HIST202411,2024-06-08,PRCP,0.0,,,synthetic,2024-06
HIST202400,2024-06-09,TMAX,17.5,,,synthetic,2024-06
HIST202400,2024-06-09,TMIN,8.2,,,synthetic,2024-06
HIST202400,2024-06-09,PRCP,0.0,,,synthetic,2024-06
HIST202401,2024-06-09,TMAX,16.9,,,synthetic,2024-06
HIST202401,2024-06-09,TMIN,6.1,,,synthetic,2024-06
HIST202401,2024-06-09,PRCP,0.0,,,synthetic,2024-06
HIST202402,2024-06-09,TMAX,19.4,,,synthetic,2024-06
HIST202402,2024-06-09,TMIN,8.3,,,synthetic,2024-06
HIST202402,2024-06-09,PRCP,,,,synthetic,2024-06
HIST202403,2024-06-09,TMAX,,,,synthetic,2024-06
HIST202403,2024-06-09,TMIN,2.2,,,synthetic,2024-06
HIST202403,2024-06-09,PRCP,0.0,,,synthetic,2024-06
HIST202404,2024-06-09,TMAX,18.3,,,synthetic,2024-06
HIST202404,2024-06-09,TMIN,7.6,,,synthetic,2024-06
HIST202404,2024-06-09,PRCP,10.0,,,synthetic,2024-06
HIST202405,2024-06-09,TMAX,19.9,,,synthetic,2024-06
HIST202405,2024-06-09,TMIN,10.8,,,synthetic,2024-06
HIST202405,2024-06-09,PRCP,0.0,,,synthetic,2024-06
HIST202406,2024-06-09,TMAX,16.7,,,synthetic,2024-06
HIST202406,2024-06-09,TMIN,,,,synthetic,2024-06
HIST202406,2024-06-09,PRCP,0.0,,,synthetic,2024-06
HIST202407,2024-06-09,TMAX,15.9,,,synthetic,2024-06
HIST202407,2024-06-09,TMIN,7.3,,,synthetic,2024-06
HIST202407,2024-06-09,PRCP,0.0,,,synthetic,2024-06
HIST202408,2024-06-09,TMAX,20.3,,,synthetic,2024-06
HIST202408,2024-06-09,TMIN,10.7,,,synthetic,2024-06
HIST202408,2024-06-09,PRCP,0.0,,,synthetic,2024-06
HIST202409,2024-06-09,TMAX,14.4,,,synthetic,2024-06
HIST202409,2024-06-09,TMIN,5.2,,,synthetic,2024-06
HIST202409,2024-06-09,PRCP,0.0,,,synthetic,2024-06
HIST202410,2024-06-09,TMAX,19.9,,,synthetic,2024-06
HIST202410,2024-06-09,TMIN,9.7,,,synthetic,2024-06
HIST202410,2024-06-09,PRCP,0.0,,,synthetic,2024-06
HIST202411,2024-06-09,TMAX,,,,synthetic,2024-06
HIST202411,2024-06-09,TMIN,6.9,,,synthetic,2024-06
HIST202411,2024-06-09,PRCP,0.0,,,synthetic,2024-06
HIST202400,2024-06-10,TMAX,15.5,,,synthetic,2024-06
HIST202400,2024-06-10,TMIN,5.9,,,synthetic,2024-06
HIST202400,2024-06-10,PRCP,0.0,,,synthetic,2024-06
HIST202401,2024-06-10,TMAX,20.1,,,synthetic,2024-06
HIST202401,2024-06-10,TMIN,10.2,,,synthetic,2024-06
HIST202401,2024-06-10,PRCP,11.4,,,synthetic,2024-06
HIST202402,2024-06-10,TMAX,19.9,,,synthetic,2024-06
HIST202402,2024-06-10,TMIN,9.7,,,synthetic,2024-06
HIST202402,2024-06-10,PRCP,0.0,,,synthetic,2024-06
HIST202403,2024-06-10,TMAX,13.4,,,synthetic,2024-06
HIST202403,2024-06-10,TMIN,3.4,,,synthetic,2024-06
HIST202403,2024-06-10,PRCP,0.0,,,synthetic,2024-06
HIST202404,2024-06-10,TMAX,16.9,,,synthetic,2024-06
HIST202404,2024-06-10,TMIN,5.2,,,synthetic,2024-06
HIST202404,2024-06-10,PRCP,0.1,,,synthetic,2024-06
HIST202405,2024-06-10,TMAX,20.9,,,synthetic,2024-06
HIST202405,2024-06-10,TMIN,9.2,,,synthetic,2024-06
HIST202405,2024-06-10,PRCP,9.8,,,synthetic,2024-06
HIST202406,2024-06-10,TMAX,12.9,,,synthetic,2024-06
HIST202406,2024-06-10,TMIN,2.4,,,synthetic,2024-06
HIST202406,2024-06-10,PRCP,,,,synthetic,2024-06
HIST202407,2024-06-10,TMAX,18.0,,,synthetic,2024-06
HIST202407,2024-06-10,TMIN,6.8,,,synthetic,2024-06
HIST202407,2024-06-10,PRCP,0.0,,,synthetic,2024-06
HIST202408,2024-06-10,TMAX,20.2,,,synthetic,2024-06
HIST202408,2024-06-10,TMIN,10.3,,,synthetic,2024-06
HIST202408,2024-06-10,PRCP,0.0,,,synthetic,2024-06
HIST202409,2024-06-10,TMAX,16.0,,,synthetic,2024-06
HIST202409,2024-06-10,TMIN,5.7,,,synthetic,2024-06
HIST202409,2024-06-10,PRCP,3.5,,,synthetic,2024-06
HIST202410,2024-06-10,TMAX,18.6,,,synthetic,2024-06
HIST202410,2024-06-10,TMIN,10.1,,,synthetic,2024-06
HIST202410,2024-06-10,PRCP,0.0,,,synthetic,2024-06
HIST202411,2024-06-10,TMAX,19.9,,,synthetic,2024-06
HIST202411,2024-06-10,TMIN,9.1,,,synthetic,2024-06
HIST202411,2024-06-10,PRCP,0.0,,,synthetic,2024-06
HIST202400,2024-06-11,TMAX,13.6,,,synthetic,2024-06
HIST202400,2024-06-11,TMIN,4.9,,,synthetic,2024-06
HIST202400,2024-06-11,PRCP,0.0,,,synthetic,2024-06
HIST202401,2024-06-11,TMAX,19.3,,,synthetic,2024-06
HIST202401,2024-06-11,TMIN,10.4,,,synthetic,2024-06
HIST202401,2024-06-11,PRCP,0.0,,,synthetic,2024-06
HIST202402,2024-06-11,TMAX,17.9,,,synthetic,2024-06
HIST202402,2024-06-11,TMIN,9.4,,,synthetic,2024-06
HIST202402,2024-06-11,PRCP,0.0,,,synthetic,2024-06
HIST202403,2024-06-11,TMAX,16.9,,,synthetic,2024-06
HIST202403,2024-06-11,TMIN,8.7,,,synthetic,2024-06
HIST202403,2024-06-11,PRCP,0.0,,,synthetic,2024-06
HIST202404,2024-06-11,TMAX,18.1,,,synthetic,2024-06
HIST202404,2024-06-11,TMIN,7.4,,,synthetic,2024-06
HIST202404,2024-06-11,PRCP,0.0,,,synthetic,2024-06
HIST202405,2024-06-11,TMAX,23.2,,,synthetic,2024-06
HIST202405,2024-06-11,TMIN,11.9,,,synthetic,2024-06
HIST202405,2024-06-11,PRCP,0.0,,,synthetic,2024-06
HIST202406,2024-06-11,TMAX,15.6,,,synthetic,2024-06
HIST202406,2024-06-11,TMIN,5.2,,,synthetic,2024-06
HIST202406,2024-06-11,PRCP,0.0,,,synthetic,2024-06
HIST202407,2024-06-11,TMAX,16.4,,,synthetic,2024-06
HIST202407,2024-06-11,TMIN,8.4,,,synthetic,2024-06
HIST202407,2024-06-11,PRCP,0.0,,,synthetic,2024-06
HIST202408,2024-06-11,TMAX,18.1,,,synthetic,2024-06
HIST202408,2024-06-11,TMIN,9.1,,,synthetic,2024-06
HIST202408,2024-06-11,PRCP,0.0,,,synthetic,2024-06
HIST202409,2024-06-11,TMAX,14.4,,,synthetic,2024-06
HIST202409,2024-06-11,TMIN,2.8,,,synthetic,2024-06
HIST202409,2024-06-11,PRCP,0.0,,,synthetic,2024-06
HIST202410,2024-06-11,TMAX,16.9,,,synthetic,2024-06
HIST202410,2024-06-11,TMIN,,,,synthetic,2024-06
HIST202410,2024-06-11,PRCP,0.0,,,synthetic,2024-06
HIST202411,2024-06-11,TMAX,18.6,,,synthetic,2024-06
HIST202411,2024-06-11,TMIN,8.3,,,synthetic,2024-06
HIST202411,2024-06-11,PRCP,0.0,,,synthetic,2024-06
HIST202400,2024-06-12,TMAX,17.2,,,synthetic,2024-06
HIST202400,2024-06-12,TMIN,7.1,,,synthetic,2024-06
HIST202400,2024-06-12,PRCP,0.0,,,synthetic,2024-06
HIST202401,2024-06-12,TMAX,18.6,,,synthetic,2024-06
HIST202401,2024-06-12,TMIN,9.4,,,synthetic,2024-06
HIST202401,2024-06-12,PRCP,12.8,,,synthetic,2024-06
HIST202402,2024-06-12,TMAX,,,,synthetic,2024-06
HIST202402,2024-06-12,TMIN,12.0,,,synthetic,2024-06
HIST202402,2024-06-12,PRCP,1.5,,,synthetic,2024-06
HIST202403,2024-06-12,TMAX,14.5,,,synthetic,2024-06
HIST202403,2024-06-12,TMIN,5.1,,,synthetic,2024-06
HIST202403,2024-06-12,PRCP,5.7,,,synthetic,2024-06
HIST202404,2024-06-12,TMAX,,,,synthetic,2024-06
HIST202404,2024-06-12,TMIN,7.2,,,synthetic,2024-06
HIST202404,2024-06-12,PRCP,0.0,,,synthetic,2024-06
HIST202405,2024-06-12,TMAX,19.9,,,synthetic,2024-06
HIST202405,2024-06-12,TMIN,10.3,,,synthetic,2024-06
HIST202405,2024-06-12,PRCP,0.0,,,synthetic,2024-06
HIST202406,2024-06-12,TMAX,12.1,,,synthetic,2024-06
HIST202406,2024-06-12,TMIN,1.3,,,synthetic,2024-06
HIST202406,2024-06-12,PRCP,0.0,,,synthetic,2024-06
HIST202407,2024-06-12,TMAX,15.2,,,synthetic,2024-06
HIST202407,2024-06-12,TMIN,,,,synthetic,2024-06
HIST202407,2024-06-12,PRCP,12.3,,,synthetic,2024-06
HIST202408,2024-06-12,TMAX,22.2,,,synthetic,2024-06
HIST202408,2024-06-12,TMIN,11.8,,,synthetic,2024-06
HIST202408,2024-06-12,PRCP,0.0,,,synthetic,2024-06
HIST202409,2024-06-12,TMAX,15.2,,,synthetic,2024-06
HIST202409,2024-06-12,TMIN,5.8,,,synthetic,2024-06
HIST202409,2024-06-12,PRCP,3.7,,,synthetic,2024-06
HIST202410,2024-06-12,TMAX,17.4,,,synthetic,2024-06
HIST202410,2024-06-12,TMIN,6.7,,,synthetic,2024-06
HIST202410,2024-06-12,PRCP,2.2,,,synthetic,2024-06
HIST202411,2024-06-12,TMAX,17.8,,,synthetic,2024-06
HIST202411,2024-06-12,TMIN,6.1,,,synthetic,2024-06
HIST202411,2024-06-12,PRCP,0.0,,,synthetic,2024-06
HIST202400,2024-06-13,TMAX,19.4,,,synthetic,2024-06
HIST202400,2024-06-13,TMIN,7.7,,,synthetic,2024-06
HIST202400,2024-06-13,PRCP,0.0,,,synthetic,2024-06
HIST202401,2024-06-13,TMAX,17.8,,,synthetic,2024-06
HIST202401,2024-06-13,TMIN,9.1,,,synthetic,2024-06
HIST202401,2024-06-13,PRCP,0.0,,,synthetic,2024-06
HIST202402,2024-06-13,TMAX,18.5,,,synthetic,2024-06
HIST202402,2024-06-13,TMIN,8.0,,,synthetic,2024-06
HIST202402,2024-06-13,PRCP,1.9,,,synthetic,2024-06
HIST202403,2024-06-13,TMAX,16.8,,,synthetic,2024-06
HIST202403,2024-06-13,TMIN,7.6,,,synthetic,2024-06
HIST202403,2024-06-13,PRCP,0.0,,,synthetic,2024-06
HIST202404,2024-06-13,TMAX,14.1,,,synthetic,2024-06
HIST202404,2024-06-13,TMIN,2.2,,,synthetic,2024-06
HIST202404,2024-06-13,PRCP,0.0,,,synthetic,2024-06
HIST202405,2024-06-13,TMAX,17.3,,,synthetic,2024-06
HIST202405,2024-06-13,TMIN,9.1,,,synthetic,2024-06
HIST202405,2024-06-13,PRCP,0.0,,,synthetic,2024-06
HIST202406,2024-06-13,TMAX,13.5,,,synthetic,2024-06
HIST202406,2024-06-13,TMIN,2.3,,,synthetic,2024-06
HIST202406,2024-06-13,PRCP,0.0,,,synthetic,2024-06
HIST202407,2024-06-13,TMAX,17.1,,,synthetic,2024-06
HIST202407,2024-06-13,TMIN,7.8,,,synthetic,2024-06
HIST202407,2024-06-13,PRCP,0.0,,,synthetic,2024-06
HIST202408,2024-06-13,TMAX,20.5,,,synthetic,2024-06
HIST202408,2024-06-13,TMIN,10.2,,,synthetic,2024-06
HIST202408,2024-06-13,PRCP,0.0,,,synthetic,2024-06
HIST202409,2024-06-13,TMAX,14.4,,,synthetic,2024-06
HIST202409,2024-06-13,TMIN,3.7,,,synthetic,2024-06
HIST202409,2024-06-13,PRCP,0.0,,,synthetic,2024-06
HIST202410,2024-06-13,TMAX,20.9,,,synthetic,2024-06
HIST202410,2024-06-13,TMIN,12.6,,,synthetic,2024-06
HIST202410,2024-06-13,PRCP,0.0,,,synthetic,2024-06
HIST202411,2024-06-13,TMAX,18.4,,,synthetic,2024-06
HIST202411,2024-06-13,TMIN,6.4,,,synthetic,2024-06
HIST202411,2024-06-13,PRCP,0.0,,,synthetic,2024-06
HIST202400,2024-06-14,TMAX,14.2,,,synthetic,2024-06
HIST202400,2024-06-14,TMIN,2.6,,,synthetic,2024-06
HIST202400,2024-06-14,PRCP,0.0,,,synthetic,2024-06
HIST202401,2024-06-14,TMAX,15.6,,,synthetic,2024-06
HIST202401,2024-06-14,TMIN,5.4,,,synthetic,2024-06
HIST202401,2024-06-14,PRCP,2.9,,,synthetic,2024-06
HIST202402,2024-06-14,TMAX,18.8,,,synthetic,2024-06
HIST202402,2024-06-14,TMIN,8.7,,,synthetic,2024-06
HIST202402,2024-06-14,PRCP,0.0,,,synthetic,2024-06
HIST202403,2024-06-14,TMAX,16.0,,,synthetic,2024-06
HIST202403,2024-06-14,TMIN,6.2,,,synthetic,2024-06
HIST202403,2024-06-14,PRCP,1.2,,,synthetic,2024-06
HIST202404,2024-06-14,TMAX,15.2,,,synthetic,2024-06
HIST202404,2024-06-14,TMIN,3.7,,,synthetic,2024-06
HIST202404,2024-06-14,PRCP,0.0,,,synthetic,2024-06
HIST202405,2024-06-14,TMAX,14.9,,,synthetic,2024-06
HIST202405,2024-06-14,TMIN,6.6,,,synthetic,2024-06
HIST202405,2024-06-14,PRCP,0.0,,,synthetic,2024-06
HIST202406,2024-06-14,TMAX,10.5,,,synthetic,2024-06
HIST202406,2024-06-14,TMIN,2.1,,,synthetic,2024-06
HIST202406,2024-06-14,PRCP,11.2,,,synthetic,2024-06
HIST202407,2024-06-14,TMAX,14.0,,,synthetic,2024-06
HIST202407,2024-06-14,TMIN,4.7,,,synthetic,2024-06
HIST202407,2024-06-14,PRCP,0.0,,,synthetic,2024-06
HIST202408,2024-06-14,TMAX,21.1,,,synthetic,2024-06
HIST202408,2024-06-14,TMIN,11.1,,,synthetic,2024-06
HIST202408,2024-06-14,PRCP,0.0,,,synthetic,2024-06
HIST202409,2024-06-14,TMAX,18.1,,,synthetic,2024-06
HIST202409,2024-06-14,TMIN,9.6,,,synthetic,2024-06
HIST202409,2024-06-14,PRCP,3.0,,,synthetic,2024-06
HIST202410,2024-06-14,TMAX,15.9,,,synthetic,2024-06
HIST202410,2024-06-14,TMIN,5.4,,,synthetic,2024-06
HIST202410,2024-06-14,PRCP,5.5,,,synthetic,2024-06
HIST202411,2024-06-14,TMAX,15.3,,,synthetic,2024-06
HIST202411,2024-06-14,TMIN,6.4,,,synthetic,2024-06
HIST202411,2024-06-14,PRCP,0.0,,,synthetic,2024-06
HIST202400,2024-06-15,TMAX,16.9,,,synthetic,2024-06
HIST202400,2024-06-15,TMIN,6.4,,,synthetic,2024-06
HIST202400,2024-06-15,PRCP,0.0,,,synthetic,2024-06
HIST202401,2024-06-15,TMAX,17.5,,,synthetic,2024-06
HIST202401,2024-06-15,TMIN,9.3,,,synthetic,2024-06
HIST202401,2024-06-15,PRCP,3.6,,,synthetic,2024-06
HIST202402,2024-06-15,TMAX,17.1,,,synthetic,2024-06
HIST202402,2024-06-15,TMIN,5.3,,,synthetic,2024-06
HIST202402,2024-06-15,PRCP,0.0,,,synthetic,2024-06
HIST202403,2024-06-15,TMAX,16.7,,,synthetic,2024-06
HIST202403,2024-06-15,TMIN,5.9,,,synthetic,2024-06
HIST202403,2024-06-15,PRCP,6.5,,,synthetic,2024-06
HIST202404,2024-06-15,TMAX,17.1,,,synthetic,2024-06
HIST202404,2024-06-15,TMIN,5.5,,,synthetic,2024-06
HIST202404,2024-06-15,PRCP,0.0,,,synthetic,2024-06
HIST202405,2024-06-15,TMAX,23.3,,,synthetic,2024-06
HIST202405,2024-06-15,TMIN,15.0,,,synthetic,2024-06
HIST202405,2024-06-15,PRCP,0.0,,,synthetic,2024-06
HIST202406,2024-06-15,TMAX,15.3,,,synthetic,2024-06
HIST202406,2024-06-15,TMIN,4.0,,,synthetic,2024-06
HIST202406,2024-06-15,PRCP,0.0,,,synthetic,2024-06
HIST202407,2024-06-15,TMAX,15.7,,,synthetic,2024-06
HIST202407,2024-06-15,TMIN,6.3,,,synthetic,2024-06
HIST202407,2024-06-15,PRCP,0.0,,,synthetic,2024-06
HIST202408,2024-06-15,TMAX,21.2,,,synthetic,2024-06
HIST202408,2024-06-15,TMIN,11.6,,,synthetic,2024-06
HIST202408,2024-06-15,PRCP,0.0,,,synthetic,2024-06
HIST202409,2024-06-15,TMAX,18.1,,,synthetic,2024-06
HIST202409,2024-06-15,TMIN,7.2,,,synthetic,2024-06
HIST202409,2024-06-15,PRCP,5.8,,,synthetic,2024-06
HIST202410,2024-06-15,TMAX,17.0,,,synthetic,2024-06
HIST202410,2024-06-15,TMIN,7.1,,,synthetic,2024-06
HIST202410,2024-06-15,PRCP,0.0,,,synthetic,2024-06
HIST202411,2024-06-15,TMAX,14.8,,,synthetic,2024-06
HIST202411,2024-06-15,TMIN,4.4,,,synthetic,2024-06
HIST202411,2024-06-15,PRCP,2.2,,,synthetic,2024-06
HIST202400,2024-06-16,TMAX,12.5,,,synthetic,2024-06
HIST202400,2024-06-16,TMIN,1.9,,,synthetic,2024-06
HIST202400,2024-06-16,PRCP,0.0,,,synthetic,2024-06
HIST202401,2024-06-16,TMAX,16.4,,,synthetic,2024-06
HIST202401,2024-06-16,TMIN,8.2,,,synthetic,2024-06
HIST202401,2024-06-16,PRCP,0.0,,,synthetic,2024-06
HIST202402,2024-06-16,TMAX,14.9,,,synthetic,2024-06
HIST202402,2024-06-16,TMIN,4.3,,,synthetic,2024-06
HIST202402,2024-06-16,PRCP,0.0,,,synthetic,2024-06
HIST202403,2024-06-16,TMAX,11.4,,,synthetic,2024-06
HIST202403,2024-06-16,TMIN,0.1,,,synthetic,2024-06
HIST202403,2024-06-16,PRCP,0.0,,,synthetic,2024-06
HIST202404,2024-06-16,TMAX,17.5,,,synthetic,2024-06
HIST202404,2024-06-16,TMIN,9.4,,,synthetic,2024-06
HIST202404,2024-06-16,PRCP,0.8,,,synthetic,2024-06
HIST202405,2024-06-16,TMAX,20.8,,,synthetic,2024-06
HIST202405,2024-06-16,TMIN,9.3,,,synthetic,2024-06
HIST202405,2024-06-16,PRCP,0.0,,,synthetic,2024-06
HIST202406,2024-06-16,TMAX,12.7,,,synthetic,2024-06
HIST202406,2024-06-16,TMIN,,,,synthetic,2024-06
HIST202406,2024-06-16,PRCP,5.5,,,synthetic,2024-06
HIST202407,2024-06-16,TMAX,17.1,,,synthetic,2024-06
HIST202407,2024-06-16,TMIN,7.4,,,synthetic,2024-06
HIST202407,2024-06-16,PRCP,0.0,,,synthetic,2024-06
HIST202408,2024-06-16,TMAX,21.3,,,synthetic,2024-06
HIST202408,2024-06-16,TMIN,9.8,,,synthetic,2024-06
HIST202408,2024-06-16,PRCP,12.4,,,synthetic,2024-06
HIST202409,2024-06-16,TMAX,15.4,,,synthetic,2024-06
HIST202409,2024-06-16,TMIN,7.0,,,synthetic,2024-06
HIST202409,2024-06-16,PRCP,0.0,,,synthetic,2024-06
HIST202410,2024-06-16,TMAX,15.1,,,synthetic,2024-06
HIST202410,2024-06-16,TMIN,6.1,,,synthetic,2024-06
HIST202410,2024-06-16,PRCP,0.0,,,synthetic,2024-06
HIST202411,2024-06-16,TMAX,20.7,,,synthetic,2024-06
HIST202411,2024-06-16,TMIN,11.4,,,synthetic,2024-06
HIST202411,2024-06-16,PRCP,0.0,,,synthetic,2024-06
HIST202400,2024-06-17,TMAX,14.5,,,synthetic,2024-06
HIST202400,2024-06-17,TMIN,3.0,,,synthetic,2024-06
HIST202400,2024-06-17,PRCP,5.7,,,synthetic,2024-06
HIST202401,2024-06-17,TMAX,16.9,,,synthetic,2024-06
HIST202401,2024-06-17,TMIN,6.0,,,synthetic,2024-06
HIST202401,2024-06-17,PRCP,0.0,,,synthetic,2024-06
HIST202402,2024-06-17,TMAX,17.7,,,synthetic,2024-06
HIST202402,2024-06-17,TMIN,6.8,,,synthetic,2024-06
HIST202402,2024-06-17,PRCP,0.0,,,synthetic,2024-06
HIST202403,2024-06-17,TMAX,14.5,,,synthetic,2024-06
HIST202403,2024-06-17,TMIN,3.0,,,synthetic,2024-06
HIST202403,2024-06-17,PRCP,5.8,,,synthetic,2024-06
HIST202404,2024-06-17,TMAX,14.6,,,synthetic,2024-06
HIST202404,2024-06-17,TMIN,2.8,,,synthetic,2024-06
HIST202404,2024-06-17,PRCP,0.0,,,synthetic,2024-06
HIST202405,2024-06-17,TMAX,17.6,,,synthetic,2024-06
HIST202405,2024-06-17,TMIN,7.5,,,synthetic,2024-06
HIST202405,2024-06-17,PRCP,0.0,,,synthetic,2024-06
HIST202406,2024-06-17,TMAX,13.4,,,synthetic,2024-06
HIST202406,2024-06-17,TMIN,2.1,,,synthetic,2024-06
HIST202406,2024-06-17,PRCP,10.3,,,synthetic,2024-06
HIST202407,2024-06-17,TMAX,15.0,,,synthetic,2024-06
HIST202407,2024-06-17,TMIN,,,,synthetic,2024-06
HIST202407,2024-06-17,PRCP,0.0,,,synthetic,2024-06
HIST202408,2024-06-17,TMAX,17.6,,,synthetic,2024-06
HIST202408,2024-06-17,TMIN,6.3,,,synthetic,2024-06
HIST202408,2024-06-17,PRCP,0.0,,,synthetic,2024-06
HIST202409,2024-06-17,TMAX,13.9,,,synthetic,2024-06
HIST202409,2024-06-17,TMIN,3.8,,,synthetic,2024-06
HIST202409,2024-06-17,PRCP,0.0,,,synthetic,2024-06
HIST202410,2024-06-17,TMAX,16.7,,,synthetic,2024-06
HIST202410,2024-06-17,TMIN,4.7,,,synthetic,2024-06
HIST202410,2024-06-17,PRCP,0.0,,,synthetic,2024-06
HIST202411,2024-06-17,TMAX,16.2,,,synthetic,2024-06
HIST202411,2024-06-17,TMIN,6.0,,,synthetic,2024-06
HIST202411,2024-06-17,PRCP,0.2,,,synthetic,2024-06
HIST202400,2024-06-18,TMAX,13.3,,,synthetic,2024-06
HIST202400,2024-06-18,TMIN,4.1,,,synthetic,2024-06
HIST202400,2024-06-18,PRCP,0.0,,,synthetic,2024-06
HIST202401,2024-06-18,TMAX,18.4,,,synthetic,2024-06
HIST202401,2024-06-18,TMIN,8.3,,,synthetic,2024-06
HIST202401,2024-06-18,PRCP,0.0,,,synthetic,2024-06
HIST202402,2024-06-18,TMAX,,,,synthetic,2024-06
HIST202402,2024-06-18,TMIN,11.1,,,synthetic,2024-06
HIST202402,2024-06-18,PRCP,0.0,,,synthetic,2024-06
HIST202403,2024-06-18,TMAX,9.8,,,synthetic,2024-06
HIST202403,2024-06-18,TMIN,0.3,,,synthetic,2024-06
HIST202403,2024-06-18,PRCP,0.0,,,synthetic,2024-06
HIST202404,2024-06-18,TMAX,17.5,,,synthetic,2024-06
HIST202404,2024-06-18,TMIN,6.6,,,synthetic,2024-06
HIST202404,2024-06-18,PRCP,0.0,,,synthetic,2024-06
HIST202405,2024-06-18,TMAX,16.4,,,synthetic,2024-06
HIST202405,2024-06-18,TMIN,5.9,,,synthetic,2024-06
HIST202405,2024-06-18,PRCP,0.0,,,synthetic,2024-06
HIST202406,2024-06-18,TMAX,15.1,,,synthetic,2024-06
HIST202406,2024-06-18,TMIN,3.3,,,synthetic,2024-06
HIST202406,2024-06-18,PRCP,0.0,,,synthetic,2024-06
HIST202407,2024-06-18,TMAX,18.6,,,synthetic,2024-06
HIST202407,2024-06-18,TMIN,9.4,,,synthetic,2024-06
HIST202407,2024-06-18,PRCP,0.0,,,synthetic,2024-06
HIST202408,2024-06-18,TMAX,17.2,,,synthetic,2024-06
HIST202408,2024-06-18,TMIN,6.4,,,synthetic,2024-06
HIST202408,2024-06-18,PRCP,0.0,,,synthetic,2024-06
HIST202409,2024-06-18,TMAX,13.9,,,synthetic,2024-06
HIST202409,2024-06-18,TMIN,3.0,,,synthetic,2024-06
HIST202409,2024-06-18,PRCP,,,,synthetic,2024-06
HIST202410,2024-06-18,TMAX,17.0,,,synthetic,2024-06
HIST202410,2024-06-18,TMIN,7.1,,,synthetic,2024-06
HIST202410,2024-06-18,PRCP,0.0,,,synthetic,2024-06
HIST202411,2024-06-18,TMAX,13.1,,,synthetic,2024-06
HIST202411,2024-06-18,TMIN,1.3,,,synthetic,2024-06
HIST202411,2024-06-18,PRCP,0.0,,,synthetic,2024-06
HIST202400,2024-06-19,TMAX,15.9,,,synthetic,2024-06
HIST202400,2024-06-19,TMIN,4.0,,,synthetic,2024-06
HIST202400,2024-06-19,PRCP,0.0,,,synthetic,2024-06
HIST202401,2024-06-19,TMAX,14.3,,,synthetic,2024-06
HIST202401,2024-06-19,TMIN,5.8,,,synthetic,2024-06
HIST202401,2024-06-19,PRCP,0.0,,,synthetic,2024-06
HIST202402,2024-06-19,TMAX,17.2,,,synthetic,2024-06
HIST202402,2024-06-19,TMIN,6.9,,,synthetic,2024-06
HIST202402,2024-06-19,PRCP,0.0,,,synthetic,2024-06
HIST202403,2024-06-19,TMAX,14.3,,,synthetic,2024-06
HIST202403,2024-06-19,TMIN,5.3,,,synthetic,2024-06
HIST202403,2024-06-19,PRCP,0.0,,,synthetic,2024-06
HIST202404,2024-06-19,TMAX,16.8,,,synthetic,2024-06
HIST202404,2024-06-19,TMIN,5.8,,,synthetic,2024-06
HIST202404,2024-06-19,PRCP,2.8,,,synthetic,2024-06
HIST202405,2024-06-19,TMAX,15.8,,,synthetic,2024-06
HIST202405,2024-06-19,TMIN,6.6,,,synthetic,2024-06
HIST202405,2024-06-19,PRCP,0.0,,,synthetic,2024-06
HIST202406,2024-06-19,TMAX,13.9,,,synthetic,2024-06
HIST202406,2024-06-19,TMIN,4.8,,,synthetic,2024-06
HIST202406,2024-06-19,PRCP,0.0,,,synthetic,2024-06
HIST202407,2024-06-19,TMAX,13.4,,,synthetic,2024-06
HIST202407,2024-06-19,TMIN,5.1,,,synthetic,2024-06
HIST202407,2024-06-19,PRCP,,,,synthetic,2024-06
HIST202408,2024-06-19,TMAX,13.2,,,synthetic,2024-06
HIST202408,2024-06-19,TMIN,1.4,,,synthetic,2024-06
HIST202408,2024-06-19,PRCP,0.0,,,synthetic,2024-06
HIST202409,2024-06-19,TMAX,14.1,,,synthetic,2024-06
HIST202409,2024-06-19,TMIN,6.0,,,synthetic,2024-06
HIST202409,2024-06-19,PRCP,0.0,,,synthetic,2024-06
HIST202410,2024-06-19,TMAX,14.6,,,synthetic,2024-06
HIST202410,2024-06-19,TMIN,6.3,,,synthetic,2024-06
HIST202410,2024-06-19,PRCP,0.0,,,synthetic,2024-06
HIST202411,2024-06-19,TMAX,17.7,,,synthetic,2024-06
HIST202411,2024-06-19,TMIN,8.0,,,synthetic,2024-06
HIST202411,2024-06-19,PRCP,0.0,,,synthetic,2024-06
HIST202400,2024-06-20,TMAX,10.0,,,synthetic,2024-06
HIST202400,2024-06-20,TMIN,-0.7,,,synthetic,2024-06
HIST202400,2024-06-20,PRCP,2.5,,,synthetic,2024-06
HIST202401,2024-06-20,TMAX,10.8,,,synthetic,2024-06
HIST202401,2024-06-20,TMIN,0.1,,,synthetic,2024-06
HIST202401,2024-06-20,PRCP,0.0,,,synthetic,2024-06
HIST202402,2024-06-20,TMAX,18.5,,,synthetic,2024-06
HIST202402,2024-06-20,TMIN,7.3,,,synthetic,2024-06
HIST202402,2024-06-20,PRCP,0.0,,,synthetic,2024-06
HIST202403,2024-06-20,TMAX,11.7,,,synthetic,2024-06
HIST202403,2024-06-20,TMIN,0.1,,,synthetic,2024-06
HIST202403,2024-06-20,PRCP,,,,synthetic,2024-06
HIST202404,2024-06-20,TMAX,,,,synthetic,2024-06
HIST202404,2024-06-20,TMIN,6.5,,,synthetic,2024-06
HIST202404,2024-06-20,PRCP,1.8,,,synthetic,2024-06
HIST202405,2024-06-20,TMAX,15.9,,,synthetic,2024-06
HIST202405,2024-06-20,TMIN,7.3,,,synthetic,2024-06
HIST202405,2024-06-20,PRCP,,,,synthetic,2024-06
HIST202406,2024-06-20,TMAX,13.5,,,synthetic,2024-06
HIST202406,2024-06-20,TMIN,2.7,,,synthetic,2024-06
HIST202406,2024-06-20,PRCP,0.0,,,synthetic,2024-06
HIST202407,2024-06-20,TMAX,13.4,,,synthetic,2024-06
HIST202407,2024-06-20,TMIN,3.5,,,synthetic,2024-06
HIST202407,2024-06-20,PRCP,0.0,,,synthetic,2024-06
HIST202408,2024-06-20,TMAX,18.0,,,synthetic,2024-06
HIST202408,2024-06-20,TMIN,6.9,,,synthetic,2024-06
HIST202408,2024-06-20,PRCP,0.0,,,synthetic,2024-06
HIST202409,2024-06-20,TMAX,11.2,,,synthetic,2024-06
HIST202409,2024-06-20,TMIN,2.2,,,synthetic,2024-06
HIST202409,2024-06-20,PRCP,0.0,,,synthetic,2024-06
HIST202410,2024-06-20,TMAX,16.5,,,synthetic,2024-06
HIST202410,2024-06-20,TMIN,8.4,,,synthetic,2024-06
HIST202410,2024-06-20,PRCP,0.0,,,synthetic,2024-06
HIST202411,2024-06-20,TMAX,17.7,,,synthetic,2024-06
HIST202411,2024-06-20,TMIN,6.1,,,synthetic,2024-06
HIST202411,2024-06-20,PRCP,0.0,,,synthetic,2024-06
HIST202400,2024-06-21,TMAX,15.3,,,synthetic,2024-06
HIST202400,2024-06-21,TMIN,4.7,,,synthetic,2024-06
HIST202400,2024-06-21,PRCP,0.0,,,synthetic,2024-06
HIST202401,2024-06-21,TMAX,11.9,,,synthetic,2024-06
HIST202401,2024-06-21,TMIN,0.7,,,synthetic,2024-06
HIST202401,2024-06-21,PRCP,0.0,,,synthetic,2024-06
HIST202402,2024-06-21,TMAX,17.9,,,synthetic,2024-06
HIST202402,2024-06-21,TMIN,8.7,,,synthetic,2024-06
HIST202402,2024-06-21,PRCP,1.7,,,synthetic,2024-06
HIST202403,2024-06-21,TMAX,15.2,,,synthetic,2024-06
HIST202403,2024-06-21,TMIN,5.1,,,synthetic,2024-06
HIST202403,2024-06-21,PRCP,0.0,,,synthetic,2024-06
HIST202404,2024-06-21,TMAX,,,,synthetic,2024-06
HIST202404,2024-06-21,TMIN,5.3,,,synthetic,2024-06
HIST202404,2024-06-21,PRCP,6.5,,,synthetic,2024-06
HIST202405,2024-06-21,TMAX,13.3,,,synthetic,2024-06
HIST202405,2024-06-21,TMIN,5.1,,,synthetic,2024-06
HIST202405,2024-06-21,PRCP,14.4,,,synthetic,2024-06
HIST202406,2024-06-21,TMAX,13.1,,,synthetic,2024-06
HIST202406,2024-06-21,TMIN,3.5,,,synthetic,2024-06
HIST202406,2024-06-21,PRCP,0.0,,,synthetic,2024-06
HIST202407,2024-06-21,TMAX,22.3,,,synthetic,2024-06
HIST202407,2024-06-21,TMIN,12.4,,,synthetic,2024-06
HIST202407,2024-06-21,PRCP,0.0,,,synthetic,2024-06
HIST202408,2024-06-21,TMAX,17.5,,,synthetic,2024-06
HIST202408,2024-06-21,TMIN,8.7,,,synthetic,2024-06
HIST202408,2024-06-21,PRCP,,,,synthetic,2024-06
HIST202409,2024-06-21,TMAX,,,,synthetic,2024-06
HIST202409,2024-06-21,TMIN,2.0,,,synthetic,2024-06
HIST202409,2024-06-21,PRCP,0.0,,,synthetic,2024-06
HIST202410,2024-06-21,TMAX,19.0,,,synthetic,2024-06
HIST202410,2024-06-21,TMIN,10.4,,,synthetic,2024-06
HIST202410,2024-06-21,PRCP,12.0,,,synthetic,2024-06
HIST202411,2024-06-21,TMAX,17.2,,,synthetic,2024-06
HIST202411,2024-06-21,TMIN,8.6,,,synthetic,2024-06
HIST202411,2024-06-21,PRCP,1.9,,,synthetic,2024-06
HIST202400,2024-06-22,TMAX,10.3,,,synthetic,2024-06
HIST202400,2024-06-22,TMIN,2.3,,,synthetic,2024-06
HIST202400,2024-06-22,PRCP,0.0,,,synthetic,2024-06
HIST202401,2024-06-22,TMAX,14.7,,,synthetic,2024-06
HIST202401,2024-06-22,TMIN,5.8,,,synthetic,2024-06
HIST202401,2024-06-22,PRCP,0.0,,,synthetic,2024-06
HIST202402,2024-06-22,TMAX,16.2,,,synthetic,2024-06
HIST202402,2024-06-22,TMIN,5.9,,,synthetic,2024-06
HIST202402,2024-06-22,PRCP,0.0,,,synthetic,2024-06
HIST202403,2024-06-22,TMAX,14.6,,,synthetic,2024-06
HIST202403,2024-06-22,TMIN,4.9,,,synthetic,2024-06
HIST202403,2024-06-22,PRCP,9.8,,,synthetic,2024-06
HIST202404,2024-06-22,TMAX,16.9,,,synthetic,2024-06
HIST202404,2024-06-22,TMIN,5.0,,,synthetic,2024-06
HIST202404,2024-06-22,PRCP,0.0,,,synthetic,2024-06
HIST202405,2024-06-22,TMAX,17.2,,,synthetic,2024-06
HIST202405,2024-06-22,TMIN,8.2,,,synthetic,2024-06
HIST202405,2024-06-22,PRCP,2.3,,,synthetic,2024-06
HIST202406,2024-06-22,TMAX,11.2,,,synthetic,2024-06
HIST202406,2024-06-22,TMIN,1.3,,,synthetic,2024-06
HIST202406,2024-06-22,PRCP,0.0,,,synthetic,2024-06
HIST202407,2024-06-22,TMAX,13.5,,,synthetic,2024-06
HIST202407,2024-06-22,TMIN,4.4,,,synthetic,2024-06
HIST202407,2024-06-22,PRCP,0.0,,,synthetic,2024-06
HIST202408,2024-06-22,TMAX,16.7,,,synthetic,2024-06
HIST202408,2024-06-22,TMIN,5.0,,,synthetic,2024-06
HIST202408,2024-06-22,PRCP,0.0,,,synthetic,2024-06
HIST202409,2024-06-22,TMAX,14.8,,,synthetic,2024-06
HIST202409,2024-06-22,TMIN,5.4,,,synthetic,2024-06
HIST202409,2024-06-22,PRCP,,,,synthetic,2024-06
HIST202410,2024-06-22,TMAX,16.4,,,synthetic,2024-06
HIST202410,2024-06-22,TMIN,7.0,,,synthetic,2024-06
HIST202410,2024-06-22,PRCP,,,,synthetic,2024-06
HIST202411,2024-06-22,TMAX,16.9,,,synthetic,2024-06
HIST202411,2024-06-22,TMIN,8.0,,,synthetic,2024-06
HIST202411,2024-06-22,PRCP,0.0,,,synthetic,2024-06
HIST202400,2024-06-23,TMAX,,,,synthetic,2024-06
HIST202400,2024-06-23,TMIN,1.9,,,synthetic,2024-06
HIST202400,2024-06-23,PRCP,2.7,,,synthetic,2024-06
HIST202401,2024-06-23,TMAX,16.9,,,synthetic,2024-06
HIST202401,2024-06-23,TMIN,7.5,,,synthetic,2024-06
HIST202401,2024-06-23,PRCP,2.2,,,synthetic,2024-06
HIST202402,2024-06-23,TMAX,15.6,,,synthetic,2024-06
HIST202402,2024-06-23,TMIN,3.9,,,synthetic,2024-06
HIST202402,2024-06-23,PRCP,0.0,,,synthetic,2024-06
HIST202403,2024-06-23,TMAX,,,,synthetic,2024-06
HIST202403,2024-06-23,TMIN,3.1,,,synthetic,2024-06
HIST202403,2024-06-23,PRCP,0.0,,,synthetic,2024-06
HIST202404,2024-06-23,TMAX,16.5,,,synthetic,2024-06
HIST202404,2024-06-23,TMIN,6.9,,,synthetic,2024-06
HIST202404,2024-06-23,PRCP,0.0,,,synthetic,2024-06
HIST202405,2024-06-23,TMAX,17.6,,,synthetic,2024-06
HIST202405,2024-06-23,TMIN,7.9,,,synthetic,2024-06
HIST202405,2024-06-23,PRCP,0.0,,,synthetic,2024-06
HIST202406,2024-06-23,TMAX,15.6,,,synthetic,2024-06
HIST202406,2024-06-23,TMIN,6.7,,,synthetic,2024-06
HIST202406,2024-06-23,PRCP,0.0,,,synthetic,2024-06
HIST202407,2024-06-23,TMAX,11.1,,,synthetic,2024-06
HIST202407,2024-06-23,TMIN,2.0,,,synthetic,2024-06
HIST202407,2024-06-23,PRCP,0.0,,,synthetic,2024-06
HIST202408,2024-06-23,TMAX,15.5,,,synthetic,2024-06
HIST202408,2024-06-23,TMIN,,,,synthetic,2024-06
HIST202408,2024-06-23,PRCP,0.0,,,synthetic,2024-06
HIST202409,2024-06-23,TMAX,14.0,,,synthetic,2024-06
HIST202409,2024-06-23,TMIN,2.4,,,synthetic,2024-06
HIST202409,2024-06-23,PRCP,0.0,,,synthetic,2024-06
HIST202410,2024-06-23,TMAX,,,,synthetic,2024-06
HIST202410,2024-06-23,TMIN,,,,synthetic,2024-06
HIST202410,2024-06-23,PRCP,0.0,,,synthetic,2024-06
HIST202411,2024-06-23,TMAX,14.4,,,synthetic,2024-06
HIST202411,2024-06-23,TMIN,5.0,,,synthetic,2024-06
HIST202411,2024-06-23,PRCP,0.0,,,synthetic,2024-06
HIST202400,2024-06-24,TMAX,13.1,,,synthetic,2024-06
HIST202400,2024-06-24,TMIN,1.5,,,synthetic,2024-06
HIST202400,2024-06-24,PRCP,2.8,,,synthetic,2024-06
HIST202401,2024-06-24,TMAX,14.5,,,synthetic,2024-06
HIST202401,2024-06-24,TMIN,5.4,,,synthetic,2024-06
HIST202401,2024-06-24,PRCP,0.0,,,synthetic,2024-06
HIST202402,2024-06-24,TMAX,14.6,,,synthetic,2024-06
HIST202402,2024-06-24,TMIN,3.8,,,synthetic,2024-06
HIST202402,2024-06-24,PRCP,0.0,,,synthetic,2024-06
HIST202403,2024-06-24,TMAX,10.2,,,synthetic,2024-06
HIST202403,2024-06-24,TMIN,1.5,,,synthetic,2024-06
HIST202403,2024-06-24,PRCP,0.0,,,synthetic,2024-06
HIST202404,2024-06-24,TMAX,12.4,,,synthetic,2024-06
HIST202404,2024-06-24,TMIN,3.5,,,synthetic,2024-06
HIST202404,2024-06-24,PRCP,0.0,,,synthetic,2024-06
HIST202405,2024-06-24,TMAX,18.6,,,synthetic,2024-06
HIST202405,2024-06-24,TMIN,8.8,,,synthetic,2024-06
HIST202405,2024-06-24,PRCP,0.0,,,synthetic,2024-06
HIST202406,2024-06-24,TMAX,10.3,,,synthetic,2024-06
HIST202406,2024-06-24,TMIN,1.6,,,synthetic,2024-06
HIST202406,2024-06-24,PRCP,0.0,,,synthetic,2024-06
HIST202407,2024-06-24,TMAX,13.0,,,synthetic,2024-06
HIST202407,2024-06-24,TMIN,4.7,,,synthetic,2024-06
HIST202407,2024-06-24,PRCP,0.0,,,synthetic,2024-06
HIST202408,2024-06-24,TMAX,16.9,,,synthetic,2024-06
HIST202408,2024-06-24,TMIN,5.9,,,synthetic,2024-06
HIST202408,2024-06-24,PRCP,0.0,,,synthetic,2024-06
HIST202409,2024-06-24,TMAX,10.8,,,synthetic,2024-06
HIST202409,2024-06-24,TMIN,-1.2,,,synthetic,2024-06
HIST202409,2024-06-24,PRCP,3.9,,,synthetic,2024-06
HIST202410,2024-06-24,TMAX,16.0,,,synthetic,2024-06
HIST202410,2024-06-24,TMIN,,,,synthetic,2024-06
HIST202410,2024-06-24,PRCP,0.0,,,synthetic,2024-06
HIST202411,2024-06-24,TMAX,13.9,,,synthetic,2024-06
HIST202411,2024-06-24,TMIN,5.3,,,synthetic,2024-06
HIST202411,2024-06-24,PRCP,0.0,,,synthetic,2024-06
HIST202400,2024-06-25,TMAX,10.3,,,synthetic,2024-06
HIST202400,2024-06-25,TMIN,1.4,,,synthetic,2024-06
HIST202400,2024-06-25,PRCP,0.0,,,synthetic,2024-06
HIST202401,2024-06-25,TMAX,16.0,,,synthetic,2024-06
HIST202401,2024-06-25,TMIN,5.2,,,synthetic,2024-06
HIST202401,2024-06-25,PRCP,0.0,,,synthetic,2024-06
HIST202402,2024-06-25,TMAX,20.6,,,synthetic,2024-06
HIST202402,2024-06-25,TMIN,10.3,,,synthetic,2024-06
HIST202402,2024-06-25,PRCP,3.1,,,synthetic,2024-06
HIST202403,2024-06-25,TMAX,12.2,,,synthetic,2024-06
HIST202403,2024-06-25,TMIN,3.9,,,synthetic,2024-06
HIST202403,2024-06-25,PRCP,1.9,,,synthetic,2024-06
HIST202404,2024-06-25,TMAX,13.4,,,synthetic,2024-06
HIST202404,2024-06-25,TMIN,2.1,,,synthetic,2024-06
HIST202404,2024-06-25,PRCP,0.0,,,synthetic,2024-06
HIST202405,2024-06-25,TMAX,12.3,,,synthetic,2024-06
HIST202405,2024-06-25,TMIN,,,,synthetic,2024-06
HIST202405,2024-06-25,PRCP,0.0,,,synthetic,2024-06
HIST202406,2024-06-25,TMAX,11.1,,,synthetic,2024-06
HIST202406,2024-06-25,TMIN,0.8,,,synthetic,2024-06
HIST202406,2024-06-25,PRCP,0.0,,,synthetic,2024-06
HIST202407,2024-06-25,TMAX,14.9,,,synthetic,2024-06
HIST202407,2024-06-25,TMIN,4.7,,,synthetic,2024-06
HIST202407,2024-06-25,PRCP,2.0,,,synthetic,2024-06
HIST202408,2024-06-25,TMAX,16.3,,,synthetic,2024-06
HIST202408,2024-06-25,TMIN,6.1,,,synthetic,2024-06
HIST202408,2024-06-25,PRCP,0.0,,,synthetic,2024-06
HIST202409,2024-06-25,TMAX,13.2,,,synthetic,2024-06
HIST202409,2024-06-25,TMIN,2.3,,,synthetic,2024-06
HIST202409,2024-06-25,PRCP,2.3,,,synthetic,2024-06
HIST202410,2024-06-25,TMAX,18.4,,,synthetic,2024-06
HIST202410,2024-06-25,TMIN,9.2,,,synthetic,2024-06
HIST202410,2024-06-25,PRCP,11.4,,,synthetic,2024-06
HIST202411,2024-06-25,TMAX,17.5,,,synthetic,2024-06
HIST202411,2024-06-25,TMIN,5.8,,,synthetic,2024-06
HIST202411,2024-06-25,PRCP,0.0,,,synthetic,2024-06
HIST202400,2024-06-26,TMAX,10.8,,,synthetic,2024-06
HIST202400,2024-06-26,TMIN,1.4,,,synthetic,2024-06
HIST202400,2024-06-26,PRCP,0.0,,,synthetic,2024-06
HIST202401,2024-06-26,TMAX,16.0,,,synthetic,2024-06
HIST202401,2024-06-26,TMIN,7.3,,,synthetic,2024-06
HIST202401,2024-06-26,PRCP,0.0,,,synthetic,2024-06
HIST202402,2024-06-26,TMAX,16.0,,,synthetic,2024-06
HIST202402,2024-06-26,TMIN,6.5,,,synthetic,2024-06
HIST202402,2024-06-26,PRCP,0.0,,,synthetic,2024-06
HIST202403,2024-06-26,TMAX,13.3,,,synthetic,2024-06
HIST202403,2024-06-26,TMIN,3.8,,,synthetic,2024-06
HIST202403,2024-06-26,PRCP,0.7,,,synthetic,2024-06
HIST202404,2024-06-26,TMAX,9.7,,,synthetic,2024-06
HIST202404,2024-06-26,TMIN,-0.4,,,synthetic,2024-06
HIST202404,2024-06-26,PRCP,0.0,,,synthetic,2024-06
HIST202405,2024-06-26,TMAX,15.9,,,synthetic,2024-06
HIST202405,2024-06-26,TMIN,4.3,,,synthetic,2024-06
HIST202405,2024-06-26,PRCP,0.0,,,synthetic,2024-06
HIST202406,2024-06-26,TMAX,9.1,,,synthetic,2024-06
HIST202406,2024-06-26,TMIN,,,,synthetic,2024-06
HIST202406,2024-06-26,PRCP,0.0,,,synthetic,2024-06
HIST202407,2024-06-26,TMAX,14.3,,,synthetic,2024-06
HIST202407,2024-06-26,TMIN,3.9,,,synthetic,2024-06
HIST202407,2024-06-26,PRCP,0.0,,,synthetic,2024-06
HIST202408,2024-06-26,TMAX,,,,synthetic,2024-06
HIST202408,2024-06-26,TMIN,3.4,,,synthetic,2024-06
HIST202408,2024-06-26,PRCP,0.0,,,synthetic,2024-06
HIST202409,2024-06-26,TMAX,11.5,,,synthetic,2024-06
HIST202409,2024-06-26,TMIN,2.1,,,synthetic,2024-06
HIST202409,2024-06-26,PRCP,0.0,,,synthetic,2024-06
HIST202410,2024-06-26,TMAX,,,,synthetic,2024-06
HIST202410,2024-06-26,TMIN,5.3,,,synthetic,2024-06
HIST202410,2024-06-26,PRCP,0.0,,,synthetic,2024-06
HIST202411,2024-06-26,TMAX,17.6,,,synthetic,2024-06
HIST202411,2024-06-26,TMIN,6.4,,,synthetic,2024-06
HIST202411,2024-06-26,PRCP,0.0,,,synthetic,2024-06
HIST202400,2024-06-27,TMAX,10.6,,,synthetic,2024-06
HIST202400,2024-06-27,TMIN,0.9,,,synthetic,2024-06
HIST202400,2024-06-27,PRCP,0.0,,,synthetic,2024-06
HIST202401,2024-06-27,TMAX,13.0,,,synthetic,2024-06
HIST202401,2024-06-27,TMIN,1.2,,,synthetic,2024-06
HIST202401,2024-06-27,PRCP,0.5,,,synthetic,2024-06
HIST202402,2024-06-27,TMAX,13.1,,,synthetic,2024-06
HIST202402,2024-06-27,TMIN,3.7,,,synthetic,2024-06
HIST202402,2024-06-27,PRCP,0.1,,,synthetic,2024-06
HIST202403,2024-06-27,TMAX,11.5,,,synthetic,2024-06
HIST202403,2024-06-27,TMIN,0.8,,,synthetic,2024-06
HIST202403,2024-06-27,PRCP,1.2,,,synthetic,2024-06
HIST202404,2024-06-27,TMAX,,,,synthetic,2024-06
HIST202404,2024-06-27,TMIN,,,,synthetic,2024-06
HIST202404,2024-06-27,PRCP,0.0,,,synthetic,2024-06
HIST202405,2024-06-27,TMAX,,,,synthetic,2024-06
HIST202405,2024-06-27,TMIN,8.5,,,synthetic,2024-06
HIST202405,2024-06-27,PRCP,1.1,,,synthetic,2024-06
HIST202406,2024-06-27,TMAX,9.0,,,synthetic,2024-06
HIST202406,2024-06-27,TMIN,0.7,,,synthetic,2024-06
HIST202406,2024-06-27,PRCP,0.0,,,synthetic,2024-06
HIST202407,2024-06-27,TMAX,11.3,,,synthetic,2024-06
HIST202407,2024-06-27,TMIN,3.1,,,synthetic,2024-06
HIST202407,2024-06-27,PRCP,0.0,,,synthetic,2024-06
HIST202408,2024-06-27,TMAX,13.7,,,synthetic,2024-06
HIST202408,2024-06-27,TMIN,5.6,,,synthetic,2024-06
HIST202408,2024-06-27,PRCP,0.0,,,synthetic,2024-06
HIST202409,2024-06-27,TMAX,12.4,,,synthetic,2024-06
HIST202409,2024-06-27,TMIN,2.6,,,synthetic,2024-06
HIST202409,2024-06-27,PRCP,0.0,,,synthetic,2024-06
HIST202410,2024-06-27,TMAX,12.0,,,synthetic,2024-06
HIST202410,2024-06-27,TMIN,3.1,,,synthetic,2024-06
HIST202410,2024-06-27,PRCP,0.0,,,synthetic,2024-06
HIST202411,2024-06-27,TMAX,13.1,,,synthetic,2024-06
HIST202411,2024-06-27,TMIN,,,,synthetic,2024-06
HIST202411,2024-06-27,PRCP,0.0,,,synthetic,2024-06
HIST202400,2024-06-28,TMAX,11.6,,,synthetic,2024-06
HIST202400,2024-06-28,TMIN,2.2,,,synthetic,2024-06
HIST202400,2024-06-28,PRCP,0.0,,,synthetic,2024-06
HIST202401,2024-06-28,TMAX,13.3,,,synthetic,2024-06
HIST202401,2024-06-28,TMIN,1.4,,,synthetic,2024-06
HIST202401,2024-06-28,PRCP,,,,synthetic,2024-06
HIST202402,2024-06-28,TMAX,14.9,,,synthetic,2024-06
HIST202402,2024-06-28,TMIN,5.0,,,synthetic,2024-06
HIST202402,2024-06-28,PRCP,0.0,,,synthetic,2024-06
HIST202403,2024-06-28,TMAX,10.3,,,synthetic,2024-06
HIST202403,2024-06-28,TMIN,-0.6,,,synthetic,2024-06
HIST202403,2024-06-28,PRCP,0.0,,,synthetic,2024-06
HIST202404,2024-06-28,TMAX,14.8,,,synthetic,2024-06
HIST202404,2024-06-28,TMIN,5.1,,,synthetic,2024-06
HIST202404,2024-06-28,PRCP,0.0,,,synthetic,2024-06
HIST202405,2024-06-28,TMAX,11.7,,,synthetic,2024-06
HIST202405,2024-06-28,TMIN,2.7,,,synthetic,2024-06
HIST202405,2024-06-28,PRCP,0.0,,,synthetic,2024-06
HIST202406,2024-06-28,TMAX,11.4,,,synthetic,2024-06
HIST202406,2024-06-28,TMIN,2.7,,,synthetic,2024-06
HIST202406,2024-06-28,PRCP,0.0,,,synthetic,2024-06
HIST202407,2024-06-28,TMAX,12.8,,,synthetic,2024-06
HIST202407,2024-06-28,TMIN,3.7,,,synthetic,2024-06
HIST202407,2024-06-28,PRCP,0.0,,,synthetic,2024-06
HIST202408,2024-06-28,TMAX,14.2,,,synthetic,2024-06
HIST202408,2024-06-28,TMIN,3.5,,,synthetic,2024-06
HIST202408,2024-06-28,PRCP,0.0,,,synthetic,2024-06
HIST202409,2024-06-28,TMAX,13.2,,,synthetic,2024-06
HIST202409,2024-06-28,TMIN,2.4,,,synthetic,2024-06
HIST202409,2024-06-28,PRCP,3.9,,,synthetic,2024-06
HIST202410,2024-06-28,TMAX,12.0,,,synthetic,2024-06
HIST202410,2024-06-28,TMIN,1.5,,,synthetic,2024-06
HIST202410,2024-06-28,PRCP,0.0,,,synthetic,2024-06
HIST202411,2024-06-28,TMAX,13.9,,,synthetic,2024-06
HIST202411,2024-06-28,TMIN,4.0,,,synthetic,2024-06
HIST202411,2024-06-28,PRCP,,,,synthetic,2024-06
HIST202400,2024-06-29,TMAX,8.8,,,synthetic,2024-06
HIST202400,2024-06-29,TMIN,-1.7,,,synthetic,2024-06
HIST202400,2024-06-29,PRCP,0.0,,,synthetic,2024-06
HIST202401,2024-06-29,TMAX,,,,synthetic,2024-06
HIST202401,2024-06-29,TMIN,-1.3,,,synthetic,2024-06
HIST202401,2024-06-29,PRCP,0.0,,,synthetic,2024-06
HIST202402,2024-06-29,TMAX,15.3,,,synthetic,2024-06
HIST202402,2024-06-29,TMIN,6.8,,,synthetic,2024-06
HIST202402,2024-06-29,PRCP,0.0,,,synthetic,2024-06
HIST202403,2024-06-29,TMAX,,,,synthetic,2024-06
HIST202403,2024-06-29,TMIN,5.3,,,synthetic,2024-06
HIST202403,2024-06-29,PRCP,0.0,,,synthetic,2024-06
HIST202404,2024-06-29,TMAX,14.7,,,synthetic,2024-06
HIST202404,2024-06-29,TMIN,3.2,,,synthetic,2024-06
HIST202404,2024-06-29,PRCP,0.0,,,synthetic,2024-06
HIST202405,2024-06-29,TMAX,,,,synthetic,2024-06
HIST202405,2024-06-29,TMIN,,,,synthetic,2024-06
HIST202405,2024-06-29,PRCP,3.3,,,synthetic,2024-06
HIST202406,2024-06-29,TMAX,8.9,,,synthetic,2024-06
HIST202406,2024-06-29,TMIN,0.2,,,synthetic,2024-06
HIST202406,2024-06-29,PRCP,0.0,,,synthetic,2024-06
HIST202407,2024-06-29,TMAX,14.4,,,synthetic,2024-06
HIST202407,2024-06-29,TMIN,2.7,,,synthetic,2024-06
HIST202407,2024-06-29,PRCP,0.0,,,synthetic,2024-06
HIST202408,2024-06-29,TMAX,15.4,,,synthetic,2024-06
HIST202408,2024-06-29,TMIN,7.3,,,synthetic,2024-06
HIST202408,2024-06-29,PRCP,0.0,,,synthetic,2024-06
HIST202409,2024-06-29,TMAX,12.2,,,synthetic,2024-06
HIST202409,2024-06-29,TMIN,3.4,,,synthetic,2024-06
HIST202409,2024-06-29,PRCP,,,,synthetic,2024-06
HIST202410,2024-06-29,TMAX,15.2,,,synthetic,2024-06
HIST202410,2024-06-29,TMIN,6.7,,,synthetic,2024-06
HIST202410,2024-06-29,PRCP,0.0,,,synthetic,2024-06
HIST202411,2024-06-29,TMAX,14.7,,,synthetic,2024-06
HIST202411,2024-06-29,TMIN,4.6,,,synthetic,2024-06
HIST202411,2024-06-29,PRCP,1.6,,,synthetic,2024-06
HIST202400,2024-06-30,TMAX,11.8,,,synthetic,2024-06
HIST202400,2024-06-30,TMIN,-0.0,,,synthetic,2024-06
HIST202400,2024-06-30,PRCP,,,,synthetic,2024-06
HIST202401,2024-06-30,TMAX,14.1,,,synthetic,2024-06
HIST202401,2024-06-30,TMIN,4.0,,,synthetic,2024-06
HIST202401,2024-06-30,PRCP,0.0,,,synthetic,2024-06
HIST202402,2024-06-30,TMAX,14.1,,,synthetic,2024-06
HIST202402,2024-06-30,TMIN,,,,synthetic,2024-06
HIST202402,2024-06-30,PRCP,0.4,,,synthetic,2024-06
HIST202403,2024-06-30,TMAX,9.0,,,synthetic,2024-06
HIST202403,2024-06-30,TMIN,-0.7,,,synthetic,2024-06
HIST202403,2024-06-30,PRCP,2.3,,,synthetic,2024-06
HIST202404,2024-06-30,TMAX,14.1,,,synthetic,2024-06
HIST202404,2024-06-30,TMIN,4.8,,,synthetic,2024-06
HIST202404,2024-06-30,PRCP,0.0,,,synthetic,2024-06
HIST202405,2024-06-30,TMAX,12.0,,,synthetic,2024-06
HIST202405,2024-06-30,TMIN,1.1,,,synthetic,2024-06
HIST202405,2024-06-30,PRCP,0.0,,,synthetic,2024-06
HIST202406,2024-06-30,TMAX,,,,synthetic,2024-06
HIST202406,2024-06-30,TMIN,-0.5,,,synthetic,2024-06
HIST202406,2024-06-30,PRCP,0.0,,,synthetic,2024-06
HIST202407,2024-06-30,TMAX,13.0,,,synthetic,2024-06
HIST202407,2024-06-30,TMIN,3.7,,,synthetic,2024-06
HIST202407,2024-06-30,PRCP,3.1,,,synthetic,2024-06
HIST202408,2024-06-30,TMAX,17.9,,,synthetic,2024-06
HIST202408,2024-06-30,TMIN,6.2,,,synthetic,2024-06
HIST202408,2024-06-30,PRCP,0.0,,,synthetic,2024-06
HIST202409,2024-06-30,TMAX,10.9,,,synthetic,2024-06
HIST202409,2024-06-30,TMIN,2.8,,,synthetic,2024-06
HIST202409,2024-06-30,PRCP,,,,synthetic,2024-06
HIST202410,2024-06-30,TMAX,10.7,,,synthetic,2024-06
HIST202410,2024-06-30,TMIN,,,,synthetic,2024-06
HIST202410,2024-06-30,PRCP,0.0,,,synthetic,2024-06
HIST202411,2024-06-30,TMAX,11.1,,,synthetic,2024-06
HIST202411,2024-06-30,TMIN,2.4,,,synthetic,2024-06
HIST202411,2024-06-30,PRCP,0.0,,,synthetic,2024-06
