station_id,date,element,value,source_flag
OPEN4071_N7401,2023-01-01,TMAX,11.9,open-meteo
OPEN4071_N7401,2023-01-01,TMIN,4.9,open-meteo
OPEN4071_N7401,2023-01-01,PRCP,1.1,open-meteo
OPEN4071_N7401,2023-01-02,TMAX,12.9,open-meteo
OPEN4071_N7401,2023-01-02,TMIN,4.6,open-meteo
OPEN4071_N7401,2023-01-02,PRCP,0.6,open-meteo
OPEN4071_N7401,2023-01-03,TMAX,12.9,open-meteo
OPEN4071_N7401,2023-01-03,TMIN,6.3,open-meteo
OPEN4071_N7401,2023-01-03,PRCP,9.4,open-meteo
OPEN4071_N7401,2023-01-04,TMAX,18.0,open-meteo
OPEN4071_N7401,2023-01-04,TMIN,9.6,open-meteo
OPEN4071_N7401,2023-01-04,PRCP,2.3,open-meteo
OPEN4071_N7401,2023-01-05,TMAX,13.1,open-meteo
OPEN4071_N7401,2023-01-05,TMIN,7.4,open-meteo
OPEN4071_N7401,2023-01-05,PRCP,0.0,open-meteo
OPEN4071_N7401,2023-01-06,TMAX,8.7,open-meteo
OPEN4071_N7401,2023-01-06,TMIN,2.5,open-meteo
OPEN4071_N7401,2023-01-06,PRCP,9.6,open-meteo
OPEN4071_N7401,2023-01-07,TMAX,8.2,open-meteo
OPEN4071_N7401,2023-01-07,TMIN,0.5,open-meteo
OPEN4071_N7401,2023-01-07,PRCP,0.0,open-meteo
OPEN4071_N7401,2023-01-08,TMAX,4.2,open-meteo
OPEN4071_N7401,2023-01-08,TMIN,-2.3,open-meteo
OPEN4071_N7401,2023-01-08,PRCP,0.0,open-meteo
OPEN4071_N7401,2023-01-09,TMAX,7.2,open-meteo
OPEN4071_N7401,2023-01-09,TMIN,0.8,open-meteo
OPEN4071_N7401,2023-01-09,PRCP,1.5,open-meteo
OPEN4071_N7401,2023-01-10,TMAX,6.3,open-meteo
OPEN4071_N7401,2023-01-10,TMIN,0.1,open-meteo
OPEN4071_N7401,2023-01-10,PRCP,0.0,open-meteo
OPEN4071_N7401,2023-01-11,TMAX,3.9,open-meteo
OPEN4071_N7401,2023-01-11,TMIN,-1.1,open-meteo
OPEN4071_N7401,2023-01-11,PRCP,0.0,open-meteo
OPEN4071_N7401,2023-01-12,TMAX,10.7,open-meteo
OPEN4071_N7401,2023-01-12,TMIN,-0.6,open-meteo
OPEN4071_N7401,2023-01-12,PRCP,12.1,open-meteo
OPEN4071_N7401,2023-01-13,TMAX,12.7,open-meteo
OPEN4071_N7401,2023-01-13,TMIN,2.9,open-meteo
OPEN4071_N7401,2023-01-13,PRCP,1.4,open-meteo
OPEN4071_N7401,2023-01-14,TMAX,2.7,open-meteo
OPEN4071_N7401,2023-01-14,TMIN,-1.1,open-meteo
OPEN4071_N7401,2023-01-14,PRCP,0.0,open-meteo
OPEN4071_N7401,2023-01-15,TMAX,5.2,open-meteo
OPEN4071_N7401,2023-01-15,TMIN,-1.7,open-meteo
OPEN4071_N7401,2023-01-15,PRCP,0.0,open-meteo
OPEN4071_N7401,2023-01-16,TMAX,8.2,open-meteo
OPEN4071_N7401,2023-01-16,TMIN,-2.3,open-meteo
OPEN4071_N7401,2023-01-16,PRCP,0.0,open-meteo
OPEN4071_N7401,2023-01-17,TMAX,7.4,open-meteo
OPEN4071_N7401,2023-01-17,TMIN,-2.0,open-meteo
OPEN4071_N7401,2023-01-17,PRCP,1.4,open-meteo
OPEN4071_N7401,2023-01-18,TMAX,10.8,open-meteo
OPEN4071_N7401,2023-01-18,TMIN,3.0,open-meteo
OPEN4071_N7401,2023-01-18,PRCP,1.7,open-meteo
OPEN4071_N7401,2023-01-19,TMAX,5.7,open-meteo
OPEN4071_N7401,2023-01-19,TMIN,2.4,open-meteo
OPEN4071_N7401,2023-01-19,PRCP,24.1,open-meteo
OPEN4071_N7401,2023-01-20,TMAX,9.0,open-meteo
OPEN4071_N7401,2023-01-20,TMIN,1.9,open-meteo
OPEN4071_N7401,2023-01-20,PRCP,0.1,open-meteo
OPEN4071_N7401,2023-01-21,TMAX,6.2,open-meteo
OPEN4071_N7401,2023-01-21,TMIN,-2.2,open-meteo
OPEN4071_N7401,2023-01-21,PRCP,0.1,open-meteo
OPEN4071_N7401,2023-01-22,TMAX,5.6,open-meteo
OPEN4071_N7401,2023-01-22,TMIN,-3.4,open-meteo
OPEN4071_N7401,2023-01-22,PRCP,7.9,open-meteo
OPEN4071_N7401,2023-01-23,TMAX,3.0,open-meteo
OPEN4071_N7401,2023-01-23,TMIN,0.4,open-meteo
OPEN4071_N7401,2023-01-23,PRCP,14.4,open-meteo
OPEN4071_N7401,2023-01-24,TMAX,7.8,open-meteo
OPEN4071_N7401,2023-01-24,TMIN,-1.0,open-meteo
OPEN4071_N7401,2023-01-24,PRCP,0.0,open-meteo
OPEN4071_N7401,2023-01-25,TMAX,11.4,open-meteo
OPEN4071_N7401,2023-01-25,TMIN,-2.4,open-meteo
OPEN4071_N7401,2023-01-25,PRCP,21.6,open-meteo
OPEN4071_N7401,2023-01-26,TMAX,11.9,open-meteo
OPEN4071_N7401,2023-01-26,TMIN,2.5,open-meteo
OPEN4071_N7401,2023-01-26,PRCP,12.9,open-meteo
OPEN4071_N7401,2023-01-27,TMAX,6.2,open-meteo
OPEN4071_N7401,2023-01-27,TMIN,-1.5,open-meteo
OPEN4071_N7401,2023-01-27,PRCP,0.0,open-meteo
OPEN4071_N7401,2023-01-28,TMAX,10.9,open-meteo
OPEN4071_N7401,2023-01-28,TMIN,-0.8,open-meteo
OPEN4071_N7401,2023-01-28,PRCP,0.0,open-meteo
OPEN4071_N7401,2023-01-29,TMAX,10.5,open-meteo
OPEN4071_N7401,2023-01-29,TMIN,0.2,open-meteo
OPEN4071_N7401,2023-01-29,PRCP,0.0,open-meteo
OPEN4071_N7401,2023-01-30,TMAX,11.7,open-meteo
OPEN4071_N7401,2023-01-30,TMIN,2.5,open-meteo
OPEN4071_N7401,2023-01-30,PRCP,0.0,open-meteo
OPEN4071_N7401,2023-01-31,TMAX,6.5,open-meteo
OPEN4071_N7401,2023-01-31,TMIN,-0.1,open-meteo
OPEN4071_N7401,2023-01-31,PRCP,2.5,open-meteo
OPEN4071_N7401,2023-02-01,TMAX,3.2,open-meteo
OPEN4071_N7401,2023-02-01,TMIN,-3.5,open-meteo
OPEN4071_N7401,2023-02-01,PRCP,1.6,open-meteo
OPEN4071_N7401,2023-02-02,TMAX,4.1,open-meteo
OPEN4071_N7401,2023-02-02,TMIN,-4.4,open-meteo
OPEN4071_N7401,2023-02-02,PRCP,0.0,open-meteo
OPEN4071_N7401,2023-02-03,TMAX,0.2,open-meteo
OPEN4071_N7401,2023-02-03,TMIN,-11.1,open-meteo
OPEN4071_N7401,2023-02-03,PRCP,0.0,open-meteo
OPEN4071_N7401,2023-02-04,TMAX,-3.8,open-meteo
OPEN4071_N7401,2023-02-04,TMIN,-16.5,open-meteo
OPEN4071_N7401,2023-02-04,PRCP,0.0,open-meteo
OPEN4071_N7401,2023-02-05,TMAX,9.1,open-meteo
OPEN4071_N7401,2023-02-05,TMIN,-4.4,open-meteo
OPEN4071_N7401,2023-02-05,PRCP,0.0,open-meteo
OPEN4071_N7401,2023-02-06,TMAX,10.2,open-meteo
OPEN4071_N7401,2023-02-06,TMIN,-0.9,open-meteo
OPEN4071_N7401,2023-02-06,PRCP,0.0,open-meteo
OPEN4071_N7401,2023-02-07,TMAX,3.7,open-meteo
OPEN4071_N7401,2023-02-07,TMIN,-4.1,open-meteo
OPEN4071_N7401,2023-02-07,PRCP,2.7,open-meteo
OPEN4071_N7401,2023-02-08,TMAX,10.4,open-meteo
OPEN4071_N7401,2023-02-08,TMIN,0.6,open-meteo
OPEN4071_N7401,2023-02-08,PRCP,0.6,open-meteo
OPEN4071_N7401,2023-02-09,TMAX,11.1,open-meteo
OPEN4071_N7401,2023-02-09,TMIN,-1.8,open-meteo
OPEN4071_N7401,2023-02-09,PRCP,0.0,open-meteo
OPEN4071_N7401,2023-02-10,TMAX,14.1,open-meteo
OPEN4071_N7401,2023-02-10,TMIN,5.9,open-meteo
OPEN4071_N7401,2023-02-10,PRCP,0.0,open-meteo
OPEN4071_N7401,2023-02-11,TMAX,6.8,open-meteo
OPEN4071_N7401,2023-02-11,TMIN,0.4,open-meteo
OPEN4071_N7401,2023-02-11,PRCP,0.0,open-meteo
OPEN4071_N7401,2023-02-12,TMAX,6.8,open-meteo
OPEN4071_N7401,2023-02-12,TMIN,-0.6,open-meteo
OPEN4071_N7401,2023-02-12,PRCP,1.4,open-meteo
OPEN4071_N7401,2023-02-13,TMAX,13.4,open-meteo
OPEN4071_N7401,2023-02-13,TMIN,2.5,open-meteo
OPEN4071_N7401,2023-02-13,PRCP,1.2,open-meteo
OPEN4071_N7401,2023-02-14,TMAX,11.4,open-meteo
OPEN4071_N7401,2023-02-14,TMIN,2.5,open-meteo
OPEN4071_N7401,2023-02-14,PRCP,0.0,open-meteo
OPEN4071_N7401,2023-02-15,TMAX,17.0,open-meteo
OPEN4071_N7401,2023-02-15,TMIN,3.0,open-meteo
OPEN4071_N7401,2023-02-15,PRCP,0.0,open-meteo
OPEN4071_N7401,2023-02-16,TMAX,19.2,open-meteo
OPEN4071_N7401,2023-02-16,TMIN,9.2,open-meteo
OPEN4071_N7401,2023-02-16,PRCP,2.9,open-meteo
OPEN4071_N7401,2023-02-17,TMAX,15.4,open-meteo
OPEN4071_N7401,2023-02-17,TMIN,-1.0,open-meteo
OPEN4071_N7401,2023-02-17,PRCP,8.1,open-meteo
OPEN4071_N7401,2023-02-18,TMAX,5.8,open-meteo
OPEN4071_N7401,2023-02-18,TMIN,-2.7,open-meteo
OPEN4071_N7401,2023-02-18,PRCP,0.0,open-meteo
OPEN4071_N7401,2023-02-19,TMAX,8.1,open-meteo
OPEN4071_N7401,2023-02-19,TMIN,-0.3,open-meteo
OPEN4071_N7401,2023-02-19,PRCP,0.0,open-meteo
OPEN4071_N7401,2023-02-20,TMAX,15.4,open-meteo
OPEN4071_N7401,2023-02-20,TMIN,5.6,open-meteo
OPEN4071_N7401,2023-02-20,PRCP,0.0,open-meteo
OPEN4071_N7401,2023-02-21,TMAX,8.4,open-meteo
OPEN4071_N7401,2023-02-21,TMIN,1.8,open-meteo
OPEN4071_N7401,2023-02-21,PRCP,7.1,open-meteo
OPEN4071_N7401,2023-02-22,TMAX,5.6,open-meteo
OPEN4071_N7401,2023-02-22,TMIN,-0.8,open-meteo
OPEN4071_N7401,2023-02-22,PRCP,4.4,open-meteo
OPEN4071_N7401,2023-02-23,TMAX,7.8,open-meteo
OPEN4071_N7401,2023-02-23,TMIN,2.7,open-meteo
OPEN4071_N7401,2023-02-23,PRCP,0.6,open-meteo
OPEN4071_N7401,2023-02-24,TMAX,7.4,open-meteo
OPEN4071_N7401,2023-02-24,TMIN,-3.1,open-meteo
OPEN4071_N7401,2023-02-24,PRCP,0.0,open-meteo
OPEN4071_N7401,2023-02-25,TMAX,0.2,open-meteo
OPEN4071_N7401,2023-02-25,TMIN,-5.6,open-meteo
OPEN4071_N7401,2023-02-25,PRCP,0.7,open-meteo
OPEN4071_N7401,2023-02-26,TMAX,10.2,open-meteo
OPEN4071_N7401,2023-02-26,TMIN,-3.8,open-meteo
OPEN4071_N7401,2023-02-26,PRCP,0.0,open-meteo
OPEN4071_N7401,2023-02-27,TMAX,4.9,open-meteo
OPEN4071_N7401,2023-02-27,TMIN,-2.2,open-meteo
OPEN4071_N7401,2023-02-27,PRCP,5.3,open-meteo
OPEN4071_N7401,2023-02-28,TMAX,2.2,open-meteo
OPEN4071_N7401,2023-02-28,TMIN,-0.6,open-meteo
OPEN4071_N7401,2023-02-28,PRCP,11.6,open-meteo
OPEN4071_N7401,2023-03-01,TMAX,5.8,open-meteo
OPEN4071_N7401,2023-03-01,TMIN,-2.5,open-meteo
OPEN4071_N7401,2023-03-01,PRCP,3.5,open-meteo
OPEN4071_N7401,2023-03-02,TMAX,13.8,open-meteo
OPEN4071_N7401,2023-03-02,TMIN,2.2,open-meteo
OPEN4071_N7401,2023-03-02,PRCP,1.4,open-meteo
OPEN4071_N7401,2023-03-03,TMAX,7.5,open-meteo
OPEN4071_N7401,2023-03-03,TMIN,-1.5,open-meteo
OPEN4071_N7401,2023-03-03,PRCP,4.4,open-meteo
OPEN4071_N7401,2023-03-04,TMAX,7.2,open-meteo
OPEN4071_N7401,2023-03-04,TMIN,3.1,open-meteo
OPEN4071_N7401,2023-03-04,PRCP,40.2,open-meteo
OPEN4071_N7401,2023-03-05,TMAX,12.2,open-meteo
OPEN4071_N7401,2023-03-05,TMIN,-0.4,open-meteo
OPEN4071_N7401,2023-03-05,PRCP,0.0,open-meteo
OPEN4071_N7401,2023-03-06,TMAX,10.2,open-meteo
OPEN4071_N7401,2023-03-06,TMIN,1.4,open-meteo
OPEN4071_N7401,2023-03-06,PRCP,0.0,open-meteo
OPEN4071_N7401,2023-03-07,TMAX,7.4,open-meteo
OPEN4071_N7401,2023-03-07,TMIN,0.6,open-meteo
OPEN4071_N7401,2023-03-07,PRCP,2.7,open-meteo
OPEN4071_N7401,2023-03-08,TMAX,9.4,open-meteo
OPEN4071_N7401,2023-03-08,TMIN,-2.1,open-meteo
OPEN4071_N7401,2023-03-08,PRCP,0.0,open-meteo
OPEN4071_N7401,2023-03-09,TMAX,10.4,open-meteo
OPEN4071_N7401,2023-03-09,TMIN,-0.5,open-meteo
OPEN4071_N7401,2023-03-09,PRCP,0.0,open-meteo
OPEN4071_N7401,2023-03-10,TMAX,7.4,open-meteo
OPEN4071_N7401,2023-03-10,TMIN,-1.2,open-meteo
OPEN4071_N7401,2023-03-10,PRCP,9.6,open-meteo
OPEN4071_N7401,2023-03-11,TMAX,7.0,open-meteo
OPEN4071_N7401,2023-03-11,TMIN,1.8,open-meteo
OPEN4071_N7401,2023-03-11,PRCP,10.8,open-meteo
OPEN4071_N7401,2023-03-12,TMAX,7.8,open-meteo
OPEN4071_N7401,2023-03-12,TMIN,-1.0,open-meteo
OPEN4071_N7401,2023-03-12,PRCP,0.0,open-meteo
OPEN4071_N7401,2023-03-13,TMAX,5.9,open-meteo
OPEN4071_N7401,2023-03-13,TMIN,3.4,open-meteo
OPEN4071_N7401,2023-03-13,PRCP,18.8,open-meteo
OPEN4071_N7401,2023-03-14,TMAX,3.1,open-meteo
OPEN4071_N7401,2023-03-14,TMIN,1.1,open-meteo
OPEN4071_N7401,2023-03-14,PRCP,10.1,open-meteo
OPEN4071_N7401,2023-03-15,TMAX,7.1,open-meteo
OPEN4071_N7401,2023-03-15,TMIN,0.8,open-meteo
OPEN4071_N7401,2023-03-15,PRCP,0.0,open-meteo
OPEN4071_N7401,2023-03-16,TMAX,13.4,open-meteo
OPEN4071_N7401,2023-03-16,TMIN,-1.3,open-meteo
OPEN4071_N7401,2023-03-16,PRCP,0.0,open-meteo
OPEN4071_N7401,2023-03-17,TMAX,14.4,open-meteo
OPEN4071_N7401,2023-03-17,TMIN,2.5,open-meteo
OPEN4071_N7401,2023-03-17,PRCP,0.0,open-meteo
OPEN4071_N7401,2023-03-18,TMAX,11.1,open-meteo
OPEN4071_N7401,2023-03-18,TMIN,3.0,open-meteo
OPEN4071_N7401,2023-03-18,PRCP,0.7,open-meteo
OPEN4071_N7401,2023-03-19,TMAX,3.8,open-meteo
OPEN4071_N7401,2023-03-19,TMIN,-2.8,open-meteo
OPEN4071_N7401,2023-03-19,PRCP,0.0,open-meteo
OPEN4071_N7401,2023-03-20,TMAX,10.7,open-meteo
OPEN4071_N7401,2023-03-20,TMIN,-3.2,open-meteo
OPEN4071_N7401,2023-03-20,PRCP,0.0,open-meteo
OPEN4071_N7401,2023-03-21,TMAX,15.8,open-meteo
OPEN4071_N7401,2023-03-21,TMIN,-0.9,open-meteo
OPEN4071_N7401,2023-03-21,PRCP,0.0,open-meteo
OPEN4071_N7401,2023-03-22,TMAX,13.3,open-meteo
OPEN4071_N7401,2023-03-22,TMIN,2.3,open-meteo
OPEN4071_N7401,2023-03-22,PRCP,0.0,open-meteo
OPEN4071_N7401,2023-03-23,TMAX,14.9,open-meteo
OPEN4071_N7401,2023-03-23,TMIN,5.2,open-meteo
OPEN4071_N7401,2023-03-23,PRCP,2.8,open-meteo
OPEN4071_N7401,2023-03-24,TMAX,12.3,open-meteo
OPEN4071_N7401,2023-03-24,TMIN,5.2,open-meteo
OPEN4071_N7401,2023-03-24,PRCP,0.2,open-meteo
OPEN4071_N7401,2023-03-25,TMAX,7.5,open-meteo
OPEN4071_N7401,2023-03-25,TMIN,3.0,open-meteo
OPEN4071_N7401,2023-03-25,PRCP,11.5,open-meteo
OPEN4071_N7401,2023-03-26,TMAX,15.1,open-meteo
OPEN4071_N7401,2023-03-26,TMIN,3.2,open-meteo
OPEN4071_N7401,2023-03-26,PRCP,0.0,open-meteo
OPEN4071_N7401,2023-03-27,TMAX,14.9,open-meteo
OPEN4071_N7401,2023-03-27,TMIN,2.5,open-meteo
OPEN4071_N7401,2023-03-27,PRCP,2.6,open-meteo
OPEN4071_N7401,2023-03-28,TMAX,11.2,open-meteo
OPEN4071_N7401,2023-03-28,TMIN,3.1,open-meteo
OPEN4071_N7401,2023-03-28,PRCP,0.6,open-meteo
OPEN4071_N7401,2023-03-29,TMAX,11.0,open-meteo
OPEN4071_N7401,2023-03-29,TMIN,-0.1,open-meteo
OPEN4071_N7401,2023-03-29,PRCP,0.0,open-meteo
OPEN4071_N7401,2023-03-30,TMAX,7.6,open-meteo
OPEN4071_N7401,2023-03-30,TMIN,-1.5,open-meteo
OPEN4071_N7401,2023-03-30,PRCP,0.1,open-meteo
OPEN4071_N7401,2023-03-31,TMAX,10.1,open-meteo
OPEN4071_N7401,2023-03-31,TMIN,-0.8,open-meteo
OPEN4071_N7401,2023-03-31,PRCP,0.0,open-meteo
OPEN4071_N7401,2023-04-01,TMAX,19.7,open-meteo
OPEN4071_N7401,2023-04-01,TMIN,10.6,open-meteo
OPEN4071_N7401,2023-04-01,PRCP,10.1,open-meteo
OPEN4071_N7401,2023-04-02,TMAX,9.9,open-meteo
OPEN4071_N7401,2023-04-02,TMIN,2.5,open-meteo
OPEN4071_N7401,2023-04-02,PRCP,0.0,open-meteo
OPEN4071_N7401,2023-04-03,TMAX,13.4,open-meteo
OPEN4071_N7401,2023-04-03,TMIN,-0.2,open-meteo
OPEN4071_N7401,2023-04-03,PRCP,0.0,open-meteo
OPEN4071_N7401,2023-04-04,TMAX,18.7,open-meteo
OPEN4071_N7401,2023-04-04,TMIN,5.9,open-meteo
OPEN4071_N7401,2023-04-04,PRCP,0.0,open-meteo
OPEN4071_N7401,2023-04-05,TMAX,13.6,open-meteo
OPEN4071_N7401,2023-04-05,TMIN,9.4,open-meteo
OPEN4071_N7401,2023-04-05,PRCP,0.4,open-meteo
OPEN4071_N7401,2023-04-06,TMAX,26.5,open-meteo
OPEN4071_N7401,2023-04-06,TMIN,10.6,open-meteo
OPEN4071_N7401,2023-04-06,PRCP,3.3,open-meteo
OPEN4071_N7401,2023-04-07,TMAX,13.9,open-meteo
OPEN4071_N7401,2023-04-07,TMIN,5.8,open-meteo
OPEN4071_N7401,2023-04-07,PRCP,0.0,open-meteo
OPEN4071_N7401,2023-04-08,TMAX,10.4,open-meteo
OPEN4071_N7401,2023-04-08,TMIN,1.8,open-meteo
OPEN4071_N7401,2023-04-08,PRCP,0.0,open-meteo
OPEN4071_N7401,2023-04-09,TMAX,11.8,open-meteo
OPEN4071_N7401,2023-04-09,TMIN,1.2,open-meteo
OPEN4071_N7401,2023-04-09,PRCP,0.0,open-meteo
OPEN4071_N7401,2023-04-10,TMAX,17.9,open-meteo
OPEN4071_N7401,2023-04-10,TMIN,2.2,open-meteo
OPEN4071_N7401,2023-04-10,PRCP,0.0,open-meteo
OPEN4071_N7401,2023-04-11,TMAX,23.0,open-meteo
OPEN4071_N7401,2023-04-11,TMIN,6.4,open-meteo
OPEN4071_N7401,2023-04-11,PRCP,0.0,open-meteo
OPEN4071_N7401,2023-04-12,TMAX,27.5,open-meteo
OPEN4071_N7401,2023-04-12,TMIN,15.6,open-meteo
OPEN4071_N7401,2023-04-12,PRCP,0.0,open-meteo
OPEN4071_N7401,2023-04-13,TMAX,31.1,open-meteo
OPEN4071_N7401,2023-04-13,TMIN,11.9,open-meteo
OPEN4071_N7401,2023-04-13,PRCP,0.0,open-meteo
OPEN4071_N7401,2023-04-14,TMAX,29.6,open-meteo
OPEN4071_N7401,2023-04-14,TMIN,13.9,open-meteo
OPEN4071_N7401,2023-04-14,PRCP,0.0,open-meteo
OPEN4071_N7401,2023-04-15,TMAX,21.0,open-meteo
OPEN4071_N7401,2023-04-15,TMIN,13.8,open-meteo
OPEN4071_N7401,2023-04-15,PRCP,5.0,open-meteo
OPEN4071_N7401,2023-04-16,TMAX,21.0,open-meteo
OPEN4071_N7401,2023-04-16,TMIN,12.1,open-meteo
OPEN4071_N7401,2023-04-16,PRCP,0.0,open-meteo
OPEN4071_N7401,2023-04-17,TMAX,20.0,open-meteo
OPEN4071_N7401,2023-04-17,TMIN,11.6,open-meteo
OPEN4071_N7401,2023-04-17,PRCP,3.1,open-meteo
OPEN4071_N7401,2023-04-18,TMAX,14.4,open-meteo
OPEN4071_N7401,2023-04-18,TMIN,6.8,open-meteo
OPEN4071_N7401,2023-04-18,PRCP,0.1,open-meteo
OPEN4071_N7401,2023-04-19,TMAX,17.5,open-meteo
OPEN4071_N7401,2023-04-19,TMIN,4.3,open-meteo
OPEN4071_N7401,2023-04-19,PRCP,0.0,open-meteo
OPEN4071_N7401,2023-04-20,TMAX,15.9,open-meteo
OPEN4071_N7401,2023-04-20,TMIN,5.8,open-meteo
OPEN4071_N7401,2023-04-20,PRCP,0.0,open-meteo
OPEN4071_N7401,2023-04-21,TMAX,19.0,open-meteo
OPEN4071_N7401,2023-04-21,TMIN,8.1,open-meteo
OPEN4071_N7401,2023-04-21,PRCP,0.0,open-meteo
OPEN4071_N7401,2023-04-22,TMAX,19.8,open-meteo
OPEN4071_N7401,2023-04-22,TMIN,9.9,open-meteo
OPEN4071_N7401,2023-04-22,PRCP,18.2,open-meteo
OPEN4071_N7401,2023-04-23,TMAX,19.2,open-meteo
OPEN4071_N7401,2023-04-23,TMIN,10.1,open-meteo
OPEN4071_N7401,2023-04-23,PRCP,15.9,open-meteo
OPEN4071_N7401,2023-04-24,TMAX,16.2,open-meteo
OPEN4071_N7401,2023-04-24,TMIN,6.3,open-meteo
OPEN4071_N7401,2023-04-24,PRCP,0.0,open-meteo
OPEN4071_N7401,2023-04-25,TMAX,15.2,open-meteo
OPEN4071_N7401,2023-04-25,TMIN,5.6,open-meteo
OPEN4071_N7401,2023-04-25,PRCP,0.3,open-meteo
OPEN4071_N7401,2023-04-26,TMAX,13.9,open-meteo
OPEN4071_N7401,2023-04-26,TMIN,6.2,open-meteo
OPEN4071_N7401,2023-04-26,PRCP,0.9,open-meteo
OPEN4071_N7401,2023-04-27,TMAX,13.5,open-meteo
OPEN4071_N7401,2023-04-27,TMIN,7.3,open-meteo
OPEN4071_N7401,2023-04-27,PRCP,0.7,open-meteo
OPEN4071_N7401,2023-04-28,TMAX,13.1,open-meteo
OPEN4071_N7401,2023-04-28,TMIN,6.8,open-meteo
OPEN4071_N7401,2023-04-28,PRCP,9.8,open-meteo
OPEN4071_N7401,2023-04-29,TMAX,12.2,open-meteo
OPEN4071_N7401,2023-04-29,TMIN,8.8,open-meteo
OPEN4071_N7401,2023-04-29,PRCP,55.8,open-meteo
OPEN4071_N7401,2023-04-30,TMAX,14.9,open-meteo
OPEN4071_N7401,2023-04-30,TMIN,10.5,open-meteo
OPEN4071_N7401,2023-04-30,PRCP,22.4,open-meteo
OPEN4071_N7401,2023-05-01,TMAX,15.7,open-meteo
OPEN4071_N7401,2023-05-01,TMIN,7.6,open-meteo
OPEN4071_N7401,2023-05-01,PRCP,1.6,open-meteo
OPEN4071_N7401,2023-05-02,TMAX,13.4,open-meteo
OPEN4071_N7401,2023-05-02,TMIN,8.4,open-meteo
OPEN4071_N7401,2023-05-02,PRCP,0.8,open-meteo
OPEN4071_N7401,2023-05-03,TMAX,12.6,open-meteo
OPEN4071_N7401,2023-05-03,TMIN,5.8,open-meteo
OPEN4071_N7401,2023-05-03,PRCP,0.7,open-meteo
OPEN4071_N7401,2023-05-04,TMAX,14.4,open-meteo
OPEN4071_N7401,2023-05-04,TMIN,6.3,open-meteo
OPEN4071_N7401,2023-05-04,PRCP,1.9,open-meteo
OPEN4071_N7401,2023-05-05,TMAX,17.1,open-meteo
OPEN4071_N7401,2023-05-05,TMIN,6.9,open-meteo
OPEN4071_N7401,2023-05-05,PRCP,3.3,open-meteo
OPEN4071_N7401,2023-05-06,TMAX,21.0,open-meteo
OPEN4071_N7401,2023-05-06,TMIN,6.6,open-meteo
OPEN4071_N7401,2023-05-06,PRCP,0.0,open-meteo
OPEN4071_N7401,2023-05-07,TMAX,23.8,open-meteo
OPEN4071_N7401,2023-05-07,TMIN,9.3,open-meteo
OPEN4071_N7401,2023-05-07,PRCP,0.0,open-meteo
OPEN4071_N7401,2023-05-08,TMAX,23.7,open-meteo
OPEN4071_N7401,2023-05-08,TMIN,12.9,open-meteo
OPEN4071_N7401,2023-05-08,PRCP,0.0,open-meteo
OPEN4071_N7401,2023-05-09,TMAX,19.3,open-meteo
OPEN4071_N7401,2023-05-09,TMIN,9.8,open-meteo
OPEN4071_N7401,2023-05-09,PRCP,0.0,open-meteo
OPEN4071_N7401,2023-05-10,TMAX,21.2,open-meteo
OPEN4071_N7401,2023-05-10,TMIN,7.2,open-meteo
OPEN4071_N7401,2023-05-10,PRCP,0.0,open-meteo
OPEN4071_N7401,2023-05-11,TMAX,25.4,open-meteo
OPEN4071_N7401,2023-05-11,TMIN,9.6,open-meteo
OPEN4071_N7401,2023-05-11,PRCP,0.0,open-meteo
OPEN4071_N7401,2023-05-12,TMAX,29.5,open-meteo
OPEN4071_N7401,2023-05-12,TMIN,13.0,open-meteo
OPEN4071_N7401,2023-05-12,PRCP,0.0,open-meteo
OPEN4071_N7401,2023-05-13,TMAX,27.4,open-meteo
OPEN4071_N7401,2023-05-13,TMIN,16.5,open-meteo
OPEN4071_N7401,2023-05-13,PRCP,0.0,open-meteo
OPEN4071_N7401,2023-05-14,TMAX,22.9,open-meteo
OPEN4071_N7401,2023-05-14,TMIN,12.6,open-meteo
OPEN4071_N7401,2023-05-14,PRCP,0.0,open-meteo
OPEN4071_N7401,2023-05-15,TMAX,25.4,open-meteo
OPEN4071_N7401,2023-05-15,TMIN,9.7,open-meteo
OPEN4071_N7401,2023-05-15,PRCP,0.0,open-meteo
OPEN4071_N7401,2023-05-16,TMAX,27.8,open-meteo
OPEN4071_N7401,2023-05-16,TMIN,12.8,open-meteo
OPEN4071_N7401,2023-05-16,PRCP,0.0,open-meteo
OPEN4071_N7401,2023-05-17,TMAX,17.5,open-meteo
OPEN4071_N7401,2023-05-17,TMIN,9.8,open-meteo
OPEN4071_N7401,2023-05-17,PRCP,0.0,open-meteo
OPEN4071_N7401,2023-05-18,TMAX,14.2,open-meteo
OPEN4071_N7401,2023-05-18,TMIN,6.8,open-meteo
OPEN4071_N7401,2023-05-18,PRCP,0.0,open-meteo
OPEN4071_N7401,2023-05-19,TMAX,19.5,open-meteo
OPEN4071_N7401,2023-05-19,TMIN,10.5,open-meteo
OPEN4071_N7401,2023-05-19,PRCP,0.0,open-meteo
OPEN4071_N7401,2023-05-20,TMAX,17.6,open-meteo
OPEN4071_N7401,2023-05-20,TMIN,13.6,open-meteo
OPEN4071_N7401,2023-05-20,PRCP,26.9,open-meteo
OPEN4071_N7401,2023-05-21,TMAX,21.9,open-meteo
OPEN4071_N7401,2023-05-21,TMIN,13.0,open-meteo
OPEN4071_N7401,2023-05-21,PRCP,0.6,open-meteo
OPEN4071_N7401,2023-05-22,TMAX,23.0,open-meteo
OPEN4071_N7401,2023-05-22,TMIN,12.3,open-meteo
OPEN4071_N7401,2023-05-22,PRCP,0.2,open-meteo
OPEN4071_N7401,2023-05-23,TMAX,19.5,open-meteo
OPEN4071_N7401,2023-05-23,TMIN,10.8,open-meteo
OPEN4071_N7401,2023-05-23,PRCP,0.0,open-meteo
OPEN4071_N7401,2023-05-24,TMAX,21.9,open-meteo
OPEN4071_N7401,2023-05-24,TMIN,9.9,open-meteo
OPEN4071_N7401,2023-05-24,PRCP,0.7,open-meteo
OPEN4071_N7401,2023-05-25,TMAX,19.2,open-meteo
OPEN4071_N7401,2023-05-25,TMIN,10.1,open-meteo
OPEN4071_N7401,2023-05-25,PRCP,0.0,open-meteo
OPEN4071_N7401,2023-05-26,TMAX,22.2,open-meteo
OPEN4071_N7401,2023-05-26,TMIN,10.1,open-meteo
OPEN4071_N7401,2023-05-26,PRCP,0.0,open-meteo
OPEN4071_N7401,2023-05-27,TMAX,24.4,open-meteo
OPEN4071_N7401,2023-05-27,TMIN,9.9,open-meteo
OPEN4071_N7401,2023-05-27,PRCP,0.0,open-meteo
OPEN4071_N7401,2023-05-28,TMAX,23.6,open-meteo
OPEN4071_N7401,2023-05-28,TMIN,11.6,open-meteo
OPEN4071_N7401,2023-05-28,PRCP,0.0,open-meteo
OPEN4071_N7401,2023-05-29,TMAX,24.7,open-meteo
OPEN4071_N7401,2023-05-29,TMIN,13.8,open-meteo
OPEN4071_N7401,2023-05-29,PRCP,0.0,open-meteo
OPEN4071_N7401,2023-05-30,TMAX,20.4,open-meteo
OPEN4071_N7401,2023-05-30,TMIN,11.8,open-meteo
OPEN4071_N7401,2023-05-30,PRCP,0.0,open-meteo
OPEN4071_N7401,2023-05-31,TMAX,22.6,open-meteo
OPEN4071_N7401,2023-05-31,TMIN,10.8,open-meteo
OPEN4071_N7401,2023-05-31,PRCP,0.0,open-meteo
OPEN4071_N7401,2023-06-01,TMAX,27.4,open-meteo
OPEN4071_N7401,2023-06-01,TMIN,12.3,open-meteo
OPEN4071_N7401,2023-06-01,PRCP,0.0,open-meteo
OPEN4071_N7401,2023-06-02,TMAX,30.8,open-meteo
OPEN4071_N7401,2023-06-02,TMIN,15.1,open-meteo
OPEN4071_N7401,2023-06-02,PRCP,0.0,open-meteo
OPEN4071_N7401,2023-06-03,TMAX,20.1,open-meteo
OPEN4071_N7401,2023-06-03,TMIN,13.4,open-meteo
OPEN4071_N7401,2023-06-03,PRCP,3.5,open-meteo
OPEN4071_N7401,2023-06-04,TMAX,21.5,open-meteo
OPEN4071_N7401,2023-06-04,TMIN,10.4,open-meteo
OPEN4071_N7401,2023-06-04,PRCP,0.1,open-meteo
OPEN4071_N7401,2023-06-05,TMAX,24.0,open-meteo
OPEN4071_N7401,2023-06-05,TMIN,11.6,open-meteo
OPEN4071_N7401,2023-06-05,PRCP,0.0,open-meteo
OPEN4071_N7401,2023-06-06,TMAX,25.8,open-meteo
OPEN4071_N7401,2023-06-06,TMIN,14.6,open-meteo
OPEN4071_N7401,2023-06-06,PRCP,0.2,open-meteo
OPEN4071_N7401,2023-06-07,TMAX,25.1,open-meteo
OPEN4071_N7401,2023-06-07,TMIN,13.2,open-meteo
OPEN4071_N7401,2023-06-07,PRCP,0.0,open-meteo
OPEN4071_N7401,2023-06-08,TMAX,22.4,open-meteo
OPEN4071_N7401,2023-06-08,TMIN,10.7,open-meteo
OPEN4071_N7401,2023-06-08,PRCP,0.0,open-meteo
OPEN4071_N7401,2023-06-09,TMAX,22.9,open-meteo
OPEN4071_N7401,2023-06-09,TMIN,11.7,open-meteo
OPEN4071_N7401,2023-06-09,PRCP,0.9,open-meteo
OPEN4071_N7401,2023-06-10,TMAX,26.4,open-meteo
OPEN4071_N7401,2023-06-10,TMIN,12.3,open-meteo
OPEN4071_N7401,2023-06-10,PRCP,0.2,open-meteo
OPEN4071_N7401,2023-06-11,TMAX,27.1,open-meteo
OPEN4071_N7401,2023-06-11,TMIN,16.4,open-meteo
OPEN4071_N7401,2023-06-11,PRCP,0.0,open-meteo
OPEN4071_N7401,2023-06-12,TMAX,24.0,open-meteo
OPEN4071_N7401,2023-06-12,TMIN,19.2,open-meteo
OPEN4071_N7401,2023-06-12,PRCP,8.5,open-meteo
OPEN4071_N7401,2023-06-13,TMAX,26.4,open-meteo
OPEN4071_N7401,2023-06-13,TMIN,16.1,open-meteo
OPEN4071_N7401,2023-06-13,PRCP,0.0,open-meteo
OPEN4071_N7401,2023-06-14,TMAX,24.7,open-meteo
OPEN4071_N7401,2023-06-14,TMIN,14.9,open-meteo
OPEN4071_N7401,2023-06-14,PRCP,9.5,open-meteo
OPEN4071_N7401,2023-06-15,TMAX,26.2,open-meteo
OPEN4071_N7401,2023-06-15,TMIN,15.0,open-meteo
OPEN4071_N7401,2023-06-15,PRCP,0.0,open-meteo
OPEN4071_N7401,2023-06-16,TMAX,25.9,open-meteo
OPEN4071_N7401,2023-06-16,TMIN,15.1,open-meteo
OPEN4071_N7401,2023-06-16,PRCP,10.8,open-meteo
OPEN4071_N7401,2023-06-17,TMAX,25.5,open-meteo
OPEN4071_N7401,2023-06-17,TMIN,14.8,open-meteo
OPEN4071_N7401,2023-06-17,PRCP,0.1,open-meteo
OPEN4071_N7401,2023-06-18,TMAX,26.5,open-meteo
OPEN4071_N7401,2023-06-18,TMIN,15.8,open-meteo
OPEN4071_N7401,2023-06-18,PRCP,0.0,open-meteo
OPEN4071_N7401,2023-06-19,TMAX,25.2,open-meteo
OPEN4071_N7401,2023-06-19,TMIN,16.3,open-meteo
OPEN4071_N7401,2023-06-19,PRCP,1.4,open-meteo
OPEN4071_N7401,2023-06-20,TMAX,23.5,open-meteo
OPEN4071_N7401,2023-06-20,TMIN,16.5,open-meteo
OPEN4071_N7401,2023-06-20,PRCP,0.0,open-meteo
OPEN4071_N7401,2023-06-21,TMAX,22.9,open-meteo
OPEN4071_N7401,2023-06-21,TMIN,15.5,open-meteo
OPEN4071_N7401,2023-06-21,PRCP,0.3,open-meteo
OPEN4071_N7401,2023-06-22,TMAX,21.0,open-meteo
OPEN4071_N7401,2023-06-22,TMIN,15.4,open-meteo
OPEN4071_N7401,2023-06-22,PRCP,0.3,open-meteo
OPEN4071_N7401,2023-06-23,TMAX,22.9,open-meteo
OPEN4071_N7401,2023-06-23,TMIN,17.0,open-meteo
OPEN4071_N7401,2023-06-23,PRCP,15.6,open-meteo
OPEN4071_N7401,2023-06-24,TMAX,25.7,open-meteo
OPEN4071_N7401,2023-06-24,TMIN,19.2,open-meteo
OPEN4071_N7401,2023-06-24,PRCP,18.0,open-meteo
OPEN4071_N7401,2023-06-25,TMAX,28.5,open-meteo
OPEN4071_N7401,2023-06-25,TMIN,18.6,open-meteo
OPEN4071_N7401,2023-06-25,PRCP,1.9,open-meteo
OPEN4071_N7401,2023-06-26,TMAX,25.5,open-meteo
OPEN4071_N7401,2023-06-26,TMIN,19.1,open-meteo
OPEN4071_N7401,2023-06-26,PRCP,4.6,open-meteo
OPEN4071_N7401,2023-06-27,TMAX,26.4,open-meteo
OPEN4071_N7401,2023-06-27,TMIN,19.4,open-meteo
OPEN4071_N7401,2023-06-27,PRCP,18.7,open-meteo
OPEN4071_N7401,2023-06-28,TMAX,28.6,open-meteo
OPEN4071_N7401,2023-06-28,TMIN,18.9,open-meteo
OPEN4071_N7401,2023-06-28,PRCP,2.1,open-meteo
OPEN4071_N7401,2023-06-29,TMAX,28.6,open-meteo
OPEN4071_N7401,2023-06-29,TMIN,16.2,open-meteo
OPEN4071_N7401,2023-06-29,PRCP,0.0,open-meteo
OPEN4071_N7401,2023-06-30,TMAX,29.2,open-meteo
OPEN4071_N7401,2023-06-30,TMIN,17.1,open-meteo
OPEN4071_N7401,2023-06-30,PRCP,0.0,open-meteo
OPEN4071_N7401,2023-07-01,TMAX,26.9,open-meteo
OPEN4071_N7401,2023-07-01,TMIN,17.7,open-meteo
OPEN4071_N7401,2023-07-01,PRCP,0.1,open-meteo
OPEN4071_N7401,2023-07-02,TMAX,31.2,open-meteo
OPEN4071_N7401,2023-07-02,TMIN,20.4,open-meteo
OPEN4071_N7401,2023-07-02,PRCP,16.0,open-meteo
OPEN4071_N7401,2023-07-03,TMAX,31.1,open-meteo
OPEN4071_N7401,2023-07-03,TMIN,22.4,open-meteo
OPEN4071_N7401,2023-07-03,PRCP,17.8,open-meteo
OPEN4071_N7401,2023-07-04,TMAX,29.4,open-meteo
OPEN4071_N7401,2023-07-04,TMIN,21.3,open-meteo
OPEN4071_N7401,2023-07-04,PRCP,5.4,open-meteo
OPEN4071_N7401,2023-07-05,TMAX,32.3,open-meteo
OPEN4071_N7401,2023-07-05,TMIN,21.0,open-meteo
OPEN4071_N7401,2023-07-05,PRCP,0.0,open-meteo
OPEN4071_N7401,2023-07-06,TMAX,31.3,open-meteo
OPEN4071_N7401,2023-07-06,TMIN,21.5,open-meteo
OPEN4071_N7401,2023-07-06,PRCP,0.0,open-meteo
OPEN4071_N7401,2023-07-07,TMAX,29.7,open-meteo
OPEN4071_N7401,2023-07-07,TMIN,21.9,open-meteo
OPEN4071_N7401,2023-07-07,PRCP,0.6,open-meteo
OPEN4071_N7401,2023-07-08,TMAX,29.6,open-meteo
OPEN4071_N7401,2023-07-08,TMIN,21.9,open-meteo
OPEN4071_N7401,2023-07-08,PRCP,4.4,open-meteo
OPEN4071_N7401,2023-07-09,TMAX,27.0,open-meteo
OPEN4071_N7401,2023-07-09,TMIN,21.5,open-meteo
OPEN4071_N7401,2023-07-09,PRCP,18.6,open-meteo
OPEN4071_N7401,2023-07-10,TMAX,28.7,open-meteo
OPEN4071_N7401,2023-07-10,TMIN,20.9,open-meteo
OPEN4071_N7401,2023-07-10,PRCP,1.2,open-meteo
OPEN4071_N7401,2023-07-11,TMAX,31.8,open-meteo
OPEN4071_N7401,2023-07-11,TMIN,17.1,open-meteo
OPEN4071_N7401,2023-07-11,PRCP,0.0,open-meteo
OPEN4071_N7401,2023-07-12,TMAX,33.0,open-meteo
OPEN4071_N7401,2023-07-12,TMIN,19.6,open-meteo
OPEN4071_N7401,2023-07-12,PRCP,0.0,open-meteo
OPEN4071_N7401,2023-07-13,TMAX,31.9,open-meteo
OPEN4071_N7401,2023-07-13,TMIN,21.3,open-meteo
OPEN4071_N7401,2023-07-13,PRCP,0.2,open-meteo
OPEN4071_N7401,2023-07-14,TMAX,28.2,open-meteo
OPEN4071_N7401,2023-07-14,TMIN,21.4,open-meteo
OPEN4071_N7401,2023-07-14,PRCP,36.7,open-meteo
OPEN4071_N7401,2023-07-15,TMAX,29.5,open-meteo
OPEN4071_N7401,2023-07-15,TMIN,20.5,open-meteo
OPEN4071_N7401,2023-07-15,PRCP,7.9,open-meteo
OPEN4071_N7401,2023-07-16,TMAX,26.0,open-meteo
OPEN4071_N7401,2023-07-16,TMIN,21.9,open-meteo
OPEN4071_N7401,2023-07-16,PRCP,41.4,open-meteo
OPEN4071_N7401,2023-07-17,TMAX,31.8,open-meteo
OPEN4071_N7401,2023-07-17,TMIN,20.0,open-meteo
OPEN4071_N7401,2023-07-17,PRCP,0.1,open-meteo
OPEN4071_N7401,2023-07-18,TMAX,29.6,open-meteo
OPEN4071_N7401,2023-07-18,TMIN,21.4,open-meteo
OPEN4071_N7401,2023-07-18,PRCP,8.3,open-meteo
OPEN4071_N7401,2023-07-19,TMAX,27.5,open-meteo
OPEN4071_N7401,2023-07-19,TMIN,18.8,open-meteo
OPEN4071_N7401,2023-07-19,PRCP,3.8,open-meteo
OPEN4071_N7401,2023-07-20,TMAX,28.5,open-meteo
OPEN4071_N7401,2023-07-20,TMIN,20.0,open-meteo
OPEN4071_N7401,2023-07-20,PRCP,0.5,open-meteo
OPEN4071_N7401,2023-07-21,TMAX,29.5,open-meteo
OPEN4071_N7401,2023-07-21,TMIN,21.9,open-meteo
OPEN4071_N7401,2023-07-21,PRCP,3.5,open-meteo
OPEN4071_N7401,2023-07-22,TMAX,28.5,open-meteo
OPEN4071_N7401,2023-07-22,TMIN,18.5,open-meteo
OPEN4071_N7401,2023-07-22,PRCP,0.0,open-meteo
OPEN4071_N7401,2023-07-23,TMAX,30.1,open-meteo
OPEN4071_N7401,2023-07-23,TMIN,17.4,open-meteo
OPEN4071_N7401,2023-07-23,PRCP,0.5,open-meteo
OPEN4071_N7401,2023-07-24,TMAX,28.8,open-meteo
OPEN4071_N7401,2023-07-24,TMIN,18.6,open-meteo
OPEN4071_N7401,2023-07-24,PRCP,1.9,open-meteo
OPEN4071_N7401,2023-07-25,TMAX,28.7,open-meteo
OPEN4071_N7401,2023-07-25,TMIN,19.2,open-meteo
OPEN4071_N7401,2023-07-25,PRCP,9.0,open-meteo
OPEN4071_N7401,2023-07-26,TMAX,30.1,open-meteo
OPEN4071_N7401,2023-07-26,TMIN,17.1,open-meteo
OPEN4071_N7401,2023-07-26,PRCP,0.4,open-meteo
OPEN4071_N7401,2023-07-27,TMAX,33.9,open-meteo
OPEN4071_N7401,2023-07-27,TMIN,22.3,open-meteo
OPEN4071_N7401,2023-07-27,PRCP,0.7,open-meteo
OPEN4071_N7401,2023-07-28,TMAX,34.2,open-meteo
OPEN4071_N7401,2023-07-28,TMIN,21.4,open-meteo
OPEN4071_N7401,2023-07-28,PRCP,0.0,open-meteo
OPEN4071_N7401,2023-07-29,TMAX,33.9,open-meteo
OPEN4071_N7401,2023-07-29,TMIN,21.9,open-meteo
OPEN4071_N7401,2023-07-29,PRCP,4.3,open-meteo
OPEN4071_N7401,2023-07-30,TMAX,26.3,open-meteo
OPEN4071_N7401,2023-07-30,TMIN,17.7,open-meteo
OPEN4071_N7401,2023-07-30,PRCP,0.0,open-meteo
OPEN4071_N7401,2023-07-31,TMAX,29.5,open-meteo
OPEN4071_N7401,2023-07-31,TMIN,15.6,open-meteo
OPEN4071_N7401,2023-07-31,PRCP,0.0,open-meteo
OPEN4071_N7401,2023-08-01,TMAX,27.0,open-meteo
OPEN4071_N7401,2023-08-01,TMIN,17.0,open-meteo
OPEN4071_N7401,2023-08-01,PRCP,0.0,open-meteo
OPEN4071_N7401,2023-08-02,TMAX,27.8,open-meteo
OPEN4071_N7401,2023-08-02,TMIN,14.6,open-meteo
OPEN4071_N7401,2023-08-02,PRCP,0.0,open-meteo
OPEN4071_N7401,2023-08-03,TMAX,26.4,open-meteo
OPEN4071_N7401,2023-08-03,TMIN,15.6,open-meteo
OPEN4071_N7401,2023-08-03,PRCP,0.9,open-meteo
OPEN4071_N7401,2023-08-04,TMAX,27.5,open-meteo
OPEN4071_N7401,2023-08-04,TMIN,18.5,open-meteo
OPEN4071_N7401,2023-08-04,PRCP,0.9,open-meteo
OPEN4071_N7401,2023-08-05,TMAX,30.8,open-meteo
OPEN4071_N7401,2023-08-05,TMIN,18.3,open-meteo
OPEN4071_N7401,2023-08-05,PRCP,0.2,open-meteo
OPEN4071_N7401,2023-08-06,TMAX,29.9,open-meteo
OPEN4071_N7401,2023-08-06,TMIN,18.1,open-meteo
OPEN4071_N7401,2023-08-06,PRCP,0.0,open-meteo
OPEN4071_N7401,2023-08-07,TMAX,27.8,open-meteo
OPEN4071_N7401,2023-08-07,TMIN,22.0,open-meteo
OPEN4071_N7401,2023-08-07,PRCP,37.9,open-meteo
OPEN4071_N7401,2023-08-08,TMAX,27.1,open-meteo
OPEN4071_N7401,2023-08-08,TMIN,21.6,open-meteo
OPEN4071_N7401,2023-08-08,PRCP,15.2,open-meteo
OPEN4071_N7401,2023-08-09,TMAX,29.5,open-meteo
OPEN4071_N7401,2023-08-09,TMIN,19.8,open-meteo
OPEN4071_N7401,2023-08-09,PRCP,0.1,open-meteo
OPEN4071_N7401,2023-08-10,TMAX,25.5,open-meteo
OPEN4071_N7401,2023-08-10,TMIN,18.8,open-meteo
OPEN4071_N7401,2023-08-10,PRCP,11.9,open-meteo
OPEN4071_N7401,2023-08-11,TMAX,29.2,open-meteo
OPEN4071_N7401,2023-08-11,TMIN,18.1,open-meteo
OPEN4071_N7401,2023-08-11,PRCP,0.1,open-meteo
OPEN4071_N7401,2023-08-12,TMAX,28.1,open-meteo
OPEN4071_N7401,2023-08-12,TMIN,17.1,open-meteo
OPEN4071_N7401,2023-08-12,PRCP,8.6,open-meteo
OPEN4071_N7401,2023-08-13,TMAX,30.7,open-meteo
OPEN4071_N7401,2023-08-13,TMIN,21.5,open-meteo
OPEN4071_N7401,2023-08-13,PRCP,2.9,open-meteo
OPEN4071_N7401,2023-08-14,TMAX,30.9,open-meteo
OPEN4071_N7401,2023-08-14,TMIN,18.8,open-meteo
OPEN4071_N7401,2023-08-14,PRCP,1.3,open-meteo
OPEN4071_N7401,2023-08-15,TMAX,27.0,open-meteo
OPEN4071_N7401,2023-08-15,TMIN,21.2,open-meteo
OPEN4071_N7401,2023-08-15,PRCP,20.3,open-meteo
OPEN4071_N7401,2023-08-16,TMAX,26.6,open-meteo
OPEN4071_N7401,2023-08-16,TMIN,20.5,open-meteo
OPEN4071_N7401,2023-08-16,PRCP,4.0,open-meteo
OPEN4071_N7401,2023-08-17,TMAX,25.7,open-meteo
OPEN4071_N7401,2023-08-17,TMIN,20.4,open-meteo
OPEN4071_N7401,2023-08-17,PRCP,5.9,open-meteo
OPEN4071_N7401,2023-08-18,TMAX,27.0,open-meteo
OPEN4071_N7401,2023-08-18,TMIN,18.6,open-meteo
OPEN4071_N7401,2023-08-18,PRCP,3.1,open-meteo
OPEN4071_N7401,2023-08-19,TMAX,26.4,open-meteo
OPEN4071_N7401,2023-08-19,TMIN,15.4,open-meteo
OPEN4071_N7401,2023-08-19,PRCP,0.0,open-meteo
OPEN4071_N7401,2023-08-20,TMAX,29.9,open-meteo
OPEN4071_N7401,2023-08-20,TMIN,15.2,open-meteo
OPEN4071_N7401,2023-08-20,PRCP,0.0,open-meteo
OPEN4071_N7401,2023-08-21,TMAX,31.1,open-meteo
OPEN4071_N7401,2023-08-21,TMIN,18.5,open-meteo
OPEN4071_N7401,2023-08-21,PRCP,0.1,open-meteo
OPEN4071_N7401,2023-08-22,TMAX,26.1,open-meteo
OPEN4071_N7401,2023-08-22,TMIN,18.0,open-meteo
OPEN4071_N7401,2023-08-22,PRCP,0.0,open-meteo
OPEN4071_N7401,2023-08-23,TMAX,25.5,open-meteo
OPEN4071_N7401,2023-08-23,TMIN,16.0,open-meteo
OPEN4071_N7401,2023-08-23,PRCP,0.0,open-meteo
OPEN4071_N7401,2023-08-24,TMAX,24.5,open-meteo
OPEN4071_N7401,2023-08-24,TMIN,19.5,open-meteo
OPEN4071_N7401,2023-08-24,PRCP,2.2,open-meteo
OPEN4071_N7401,2023-08-25,TMAX,28.0,open-meteo
OPEN4071_N7401,2023-08-25,TMIN,21.0,open-meteo
OPEN4071_N7401,2023-08-25,PRCP,11.1,open-meteo
OPEN4071_N7401,2023-08-26,TMAX,30.2,open-meteo
OPEN4071_N7401,2023-08-26,TMIN,19.9,open-meteo
OPEN4071_N7401,2023-08-26,PRCP,0.4,open-meteo
OPEN4071_N7401,2023-08-27,TMAX,28.4,open-meteo
OPEN4071_N7401,2023-08-27,TMIN,18.5,open-meteo
OPEN4071_N7401,2023-08-27,PRCP,0.5,open-meteo
OPEN4071_N7401,2023-08-28,TMAX,25.0,open-meteo
OPEN4071_N7401,2023-08-28,TMIN,18.9,open-meteo
OPEN4071_N7401,2023-08-28,PRCP,1.1,open-meteo
OPEN4071_N7401,2023-08-29,TMAX,27.6,open-meteo
OPEN4071_N7401,2023-08-29,TMIN,17.8,open-meteo
OPEN4071_N7401,2023-08-29,PRCP,1.6,open-meteo
OPEN4071_N7401,2023-08-30,TMAX,29.6,open-meteo
OPEN4071_N7401,2023-08-30,TMIN,20.0,open-meteo
OPEN4071_N7401,2023-08-30,PRCP,0.7,open-meteo
OPEN4071_N7401,2023-08-31,TMAX,25.1,open-meteo
OPEN4071_N7401,2023-08-31,TMIN,17.1,open-meteo
OPEN4071_N7401,2023-08-31,PRCP,0.0,open-meteo
OPEN4071_N7401,2023-09-01,TMAX,24.5,open-meteo
OPEN4071_N7401,2023-09-01,TMIN,13.7,open-meteo
OPEN4071_N7401,2023-09-01,PRCP,0.0,open-meteo
OPEN4071_N7401,2023-09-02,TMAX,27.0,open-meteo
OPEN4071_N7401,2023-09-02,TMIN,12.9,open-meteo
OPEN4071_N7401,2023-09-02,PRCP,0.0,open-meteo
OPEN4071_N7401,2023-09-03,TMAX,32.3,open-meteo
OPEN4071_N7401,2023-09-03,TMIN,18.0,open-meteo
OPEN4071_N7401,2023-09-03,PRCP,0.3,open-meteo
OPEN4071_N7401,2023-09-04,TMAX,33.8,open-meteo
OPEN4071_N7401,2023-09-04,TMIN,19.9,open-meteo
OPEN4071_N7401,2023-09-04,PRCP,1.2,open-meteo
OPEN4071_N7401,2023-09-05,TMAX,35.3,open-meteo
OPEN4071_N7401,2023-09-05,TMIN,22.1,open-meteo
OPEN4071_N7401,2023-09-05,PRCP,0.0,open-meteo
OPEN4071_N7401,2023-09-06,TMAX,35.9,open-meteo
OPEN4071_N7401,2023-09-06,TMIN,23.0,open-meteo
OPEN4071_N7401,2023-09-06,PRCP,0.0,open-meteo
OPEN4071_N7401,2023-09-07,TMAX,35.2,open-meteo
OPEN4071_N7401,2023-09-07,TMIN,21.5,open-meteo
OPEN4071_N7401,2023-09-07,PRCP,3.8,open-meteo
OPEN4071_N7401,2023-09-08,TMAX,31.7,open-meteo
OPEN4071_N7401,2023-09-08,TMIN,20.4,open-meteo
OPEN4071_N7401,2023-09-08,PRCP,14.3,open-meteo
OPEN4071_N7401,2023-09-09,TMAX,29.2,open-meteo
OPEN4071_N7401,2023-09-09,TMIN,20.5,open-meteo
OPEN4071_N7401,2023-09-09,PRCP,8.5,open-meteo
OPEN4071_N7401,2023-09-10,TMAX,24.5,open-meteo
OPEN4071_N7401,2023-09-10,TMIN,19.6,open-meteo
OPEN4071_N7401,2023-09-10,PRCP,18.1,open-meteo
OPEN4071_N7401,2023-09-11,TMAX,27.6,open-meteo
OPEN4071_N7401,2023-09-11,TMIN,19.9,open-meteo
OPEN4071_N7401,2023-09-11,PRCP,2.8,open-meteo
OPEN4071_N7401,2023-09-12,TMAX,29.0,open-meteo
OPEN4071_N7401,2023-09-12,TMIN,19.1,open-meteo
OPEN4071_N7401,2023-09-12,PRCP,0.2,open-meteo
OPEN4071_N7401,2023-09-13,TMAX,26.6,open-meteo
OPEN4071_N7401,2023-09-13,TMIN,19.5,open-meteo
OPEN4071_N7401,2023-09-13,PRCP,17.1,open-meteo
OPEN4071_N7401,2023-09-14,TMAX,25.0,open-meteo
OPEN4071_N7401,2023-09-14,TMIN,16.5,open-meteo
OPEN4071_N7401,2023-09-14,PRCP,0.0,open-meteo
OPEN4071_N7401,2023-09-15,TMAX,21.5,open-meteo
OPEN4071_N7401,2023-09-15,TMIN,13.6,open-meteo
OPEN4071_N7401,2023-09-15,PRCP,0.0,open-meteo
OPEN4071_N7401,2023-09-16,TMAX,24.5,open-meteo
OPEN4071_N7401,2023-09-16,TMIN,15.2,open-meteo
OPEN4071_N7401,2023-09-16,PRCP,0.0,open-meteo
OPEN4071_N7401,2023-09-17,TMAX,24.2,open-meteo
OPEN4071_N7401,2023-09-17,TMIN,11.8,open-meteo
OPEN4071_N7401,2023-09-17,PRCP,0.5,open-meteo
OPEN4071_N7401,2023-09-18,TMAX,21.5,open-meteo
OPEN4071_N7401,2023-09-18,TMIN,16.2,open-meteo
OPEN4071_N7401,2023-09-18,PRCP,13.9,open-meteo
OPEN4071_N7401,2023-09-19,TMAX,23.5,open-meteo
OPEN4071_N7401,2023-09-19,TMIN,13.1,open-meteo
OPEN4071_N7401,2023-09-19,PRCP,0.0,open-meteo
OPEN4071_N7401,2023-09-20,TMAX,23.5,open-meteo
OPEN4071_N7401,2023-09-20,TMIN,11.7,open-meteo
OPEN4071_N7401,2023-09-20,PRCP,0.0,open-meteo
OPEN4071_N7401,2023-09-21,TMAX,22.8,open-meteo
OPEN4071_N7401,2023-09-21,TMIN,11.6,open-meteo
OPEN4071_N7401,2023-09-21,PRCP,0.0,open-meteo
OPEN4071_N7401,2023-09-22,TMAX,22.4,open-meteo
OPEN4071_N7401,2023-09-22,TMIN,13.0,open-meteo
OPEN4071_N7401,2023-09-22,PRCP,0.0,open-meteo
OPEN4071_N7401,2023-09-23,TMAX,16.5,open-meteo
OPEN4071_N7401,2023-09-23,TMIN,13.6,open-meteo
OPEN4071_N7401,2023-09-23,PRCP,42.3,open-meteo
OPEN4071_N7401,2023-09-24,TMAX,19.8,open-meteo
OPEN4071_N7401,2023-09-24,TMIN,16.0,open-meteo
OPEN4071_N7401,2023-09-24,PRCP,17.5,open-meteo
OPEN4071_N7401,2023-09-25,TMAX,17.3,open-meteo
OPEN4071_N7401,2023-09-25,TMIN,14.4,open-meteo
OPEN4071_N7401,2023-09-25,PRCP,17.4,open-meteo
OPEN4071_N7401,2023-09-26,TMAX,17.0,open-meteo
OPEN4071_N7401,2023-09-26,TMIN,12.7,open-meteo
OPEN4071_N7401,2023-09-26,PRCP,8.4,open-meteo
OPEN4071_N7401,2023-09-27,TMAX,17.8,open-meteo
OPEN4071_N7401,2023-09-27,TMIN,9.4,open-meteo
OPEN4071_N7401,2023-09-27,PRCP,0.0,open-meteo
OPEN4071_N7401,2023-09-28,TMAX,18.8,open-meteo
OPEN4071_N7401,2023-09-28,TMIN,10.7,open-meteo
OPEN4071_N7401,2023-09-28,PRCP,0.2,open-meteo
OPEN4071_N7401,2023-09-29,TMAX,17.1,open-meteo
OPEN4071_N7401,2023-09-29,TMIN,13.2,open-meteo
OPEN4071_N7401,2023-09-29,PRCP,69.8,open-meteo
OPEN4071_N7401,2023-09-30,TMAX,21.7,open-meteo
OPEN4071_N7401,2023-09-30,TMIN,13.0,open-meteo
OPEN4071_N7401,2023-09-30,PRCP,1.0,open-meteo
OPEN4071_N7401,2023-10-01,TMAX,25.0,open-meteo
OPEN4071_N7401,2023-10-01,TMIN,14.1,open-meteo
OPEN4071_N7401,2023-10-01,PRCP,0.0,open-meteo
OPEN4071_N7401,2023-10-02,TMAX,25.4,open-meteo
OPEN4071_N7401,2023-10-02,TMIN,14.8,open-meteo
OPEN4071_N7401,2023-10-02,PRCP,0.0,open-meteo
OPEN4071_N7401,2023-10-03,TMAX,27.4,open-meteo
OPEN4071_N7401,2023-10-03,TMIN,13.1,open-meteo
OPEN4071_N7401,2023-10-03,PRCP,0.0,open-meteo
OPEN4071_N7401,2023-10-04,TMAX,27.8,open-meteo
OPEN4071_N7401,2023-10-04,TMIN,14.9,open-meteo
OPEN4071_N7401,2023-10-04,PRCP,0.0,open-meteo
OPEN4071_N7401,2023-10-05,TMAX,24.0,open-meteo
OPEN4071_N7401,2023-10-05,TMIN,13.1,open-meteo
OPEN4071_N7401,2023-10-05,PRCP,0.0,open-meteo
OPEN4071_N7401,2023-10-06,TMAX,22.5,open-meteo
OPEN4071_N7401,2023-10-06,TMIN,17.6,open-meteo
OPEN4071_N7401,2023-10-06,PRCP,3.1,open-meteo
OPEN4071_N7401,2023-10-07,TMAX,20.6,open-meteo
OPEN4071_N7401,2023-10-07,TMIN,11.7,open-meteo
OPEN4071_N7401,2023-10-07,PRCP,59.9,open-meteo
OPEN4071_N7401,2023-10-08,TMAX,16.9,open-meteo
OPEN4071_N7401,2023-10-08,TMIN,9.4,open-meteo
OPEN4071_N7401,2023-10-08,PRCP,0.0,open-meteo
OPEN4071_N7401,2023-10-09,TMAX,15.6,open-meteo
OPEN4071_N7401,2023-10-09,TMIN,7.3,open-meteo
OPEN4071_N7401,2023-10-09,PRCP,0.1,open-meteo
OPEN4071_N7401,2023-10-10,TMAX,18.0,open-meteo
OPEN4071_N7401,2023-10-10,TMIN,7.8,open-meteo
OPEN4071_N7401,2023-10-10,PRCP,0.0,open-meteo
OPEN4071_N7401,2023-10-11,TMAX,20.7,open-meteo
OPEN4071_N7401,2023-10-11,TMIN,8.1,open-meteo
OPEN4071_N7401,2023-10-11,PRCP,0.0,open-meteo
OPEN4071_N7401,2023-10-12,TMAX,21.0,open-meteo
OPEN4071_N7401,2023-10-12,TMIN,7.2,open-meteo
OPEN4071_N7401,2023-10-12,PRCP,0.0,open-meteo
OPEN4071_N7401,2023-10-13,TMAX,17.6,open-meteo
OPEN4071_N7401,2023-10-13,TMIN,8.8,open-meteo
OPEN4071_N7401,2023-10-13,PRCP,0.0,open-meteo
OPEN4071_N7401,2023-10-14,TMAX,11.9,open-meteo
OPEN4071_N7401,2023-10-14,TMIN,9.4,open-meteo
OPEN4071_N7401,2023-10-14,PRCP,15.4,open-meteo
OPEN4071_N7401,2023-10-15,TMAX,16.6,open-meteo
OPEN4071_N7401,2023-10-15,TMIN,9.0,open-meteo
OPEN4071_N7401,2023-10-15,PRCP,0.9,open-meteo
OPEN4071_N7401,2023-10-16,TMAX,17.7,open-meteo
OPEN4071_N7401,2023-10-16,TMIN,7.1,open-meteo
OPEN4071_N7401,2023-10-16,PRCP,0.2,open-meteo
OPEN4071_N7401,2023-10-17,TMAX,16.9,open-meteo
OPEN4071_N7401,2023-10-17,TMIN,8.2,open-meteo
OPEN4071_N7401,2023-10-17,PRCP,0.6,open-meteo
OPEN4071_N7401,2023-10-18,TMAX,17.2,open-meteo
OPEN4071_N7401,2023-10-18,TMIN,6.8,open-meteo
OPEN4071_N7401,2023-10-18,PRCP,0.3,open-meteo
OPEN4071_N7401,2023-10-19,TMAX,18.0,open-meteo
OPEN4071_N7401,2023-10-19,TMIN,7.2,open-meteo
OPEN4071_N7401,2023-10-19,PRCP,0.0,open-meteo
OPEN4071_N7401,2023-10-20,TMAX,17.3,open-meteo
OPEN4071_N7401,2023-10-20,TMIN,12.8,open-meteo
OPEN4071_N7401,2023-10-20,PRCP,27.2,open-meteo
OPEN4071_N7401,2023-10-21,TMAX,17.8,open-meteo
OPEN4071_N7401,2023-10-21,TMIN,12.4,open-meteo
OPEN4071_N7401,2023-10-21,PRCP,5.9,open-meteo
OPEN4071_N7401,2023-10-22,TMAX,13.9,open-meteo
OPEN4071_N7401,2023-10-22,TMIN,8.6,open-meteo
OPEN4071_N7401,2023-10-22,PRCP,0.0,open-meteo
OPEN4071_N7401,2023-10-23,TMAX,16.1,open-meteo
OPEN4071_N7401,2023-10-23,TMIN,6.6,open-meteo
OPEN4071_N7401,2023-10-23,PRCP,0.0,open-meteo
OPEN4071_N7401,2023-10-24,TMAX,17.8,open-meteo
OPEN4071_N7401,2023-10-24,TMIN,4.3,open-meteo
OPEN4071_N7401,2023-10-24,PRCP,0.0,open-meteo
OPEN4071_N7401,2023-10-25,TMAX,22.0,open-meteo
OPEN4071_N7401,2023-10-25,TMIN,7.8,open-meteo
OPEN4071_N7401,2023-10-25,PRCP,0.0,open-meteo
OPEN4071_N7401,2023-10-26,TMAX,26.0,open-meteo
OPEN4071_N7401,2023-10-26,TMIN,9.4,open-meteo
OPEN4071_N7401,2023-10-26,PRCP,0.0,open-meteo
OPEN4071_N7401,2023-10-27,TMAX,24.6,open-meteo
OPEN4071_N7401,2023-10-27,TMIN,12.4,open-meteo
OPEN4071_N7401,2023-10-27,PRCP,0.0,open-meteo
OPEN4071_N7401,2023-10-28,TMAX,27.0,open-meteo
OPEN4071_N7401,2023-10-28,TMIN,16.2,open-meteo
OPEN4071_N7401,2023-10-28,PRCP,0.0,open-meteo
OPEN4071_N7401,2023-10-29,TMAX,15.1,open-meteo
OPEN4071_N7401,2023-10-29,TMIN,10.6,open-meteo
OPEN4071_N7401,2023-10-29,PRCP,7.6,open-meteo
OPEN4071_N7401,2023-10-30,TMAX,19.1,open-meteo
OPEN4071_N7401,2023-10-30,TMIN,10.2,open-meteo
OPEN4071_N7401,2023-10-30,PRCP,1.3,open-meteo
OPEN4071_N7401,2023-10-31,TMAX,10.6,open-meteo
OPEN4071_N7401,2023-10-31,TMIN,6.7,open-meteo
OPEN4071_N7401,2023-10-31,PRCP,0.2,open-meteo
OPEN4071_N7401,2023-11-01,TMAX,9.8,open-meteo
OPEN4071_N7401,2023-11-01,TMIN,2.8,open-meteo
OPEN4071_N7401,2023-11-01,PRCP,3.5,open-meteo
OPEN4071_N7401,2023-11-02,TMAX,9.7,open-meteo
OPEN4071_N7401,2023-11-02,TMIN,-0.2,open-meteo
OPEN4071_N7401,2023-11-02,PRCP,0.0,open-meteo
OPEN4071_N7401,2023-11-03,TMAX,13.1,open-meteo
OPEN4071_N7401,2023-11-03,TMIN,0.3,open-meteo
OPEN4071_N7401,2023-11-03,PRCP,0.0,open-meteo
OPEN4071_N7401,2023-11-04,TMAX,15.0,open-meteo
OPEN4071_N7401,2023-11-04,TMIN,3.7,open-meteo
OPEN4071_N7401,2023-11-04,PRCP,0.0,open-meteo
OPEN4071_N7401,2023-11-05,TMAX,17.0,open-meteo
OPEN4071_N7401,2023-11-05,TMIN,4.5,open-meteo
OPEN4071_N7401,2023-11-05,PRCP,0.0,open-meteo
OPEN4071_N7401,2023-11-06,TMAX,12.1,open-meteo
OPEN4071_N7401,2023-11-06,TMIN,4.0,open-meteo
OPEN4071_N7401,2023-11-06,PRCP,0.1,open-meteo
OPEN4071_N7401,2023-11-07,TMAX,20.3,open-meteo
OPEN4071_N7401,2023-11-07,TMIN,10.9,open-meteo
OPEN4071_N7401,2023-11-07,PRCP,5.7,open-meteo
OPEN4071_N7401,2023-11-08,TMAX,9.9,open-meteo
OPEN4071_N7401,2023-11-08,TMIN,4.0,open-meteo
OPEN4071_N7401,2023-11-08,PRCP,0.0,open-meteo
OPEN4071_N7401,2023-11-09,TMAX,15.3,open-meteo
OPEN4071_N7401,2023-11-09,TMIN,2.8,open-meteo
OPEN4071_N7401,2023-11-09,PRCP,0.4,open-meteo
OPEN4071_N7401,2023-11-10,TMAX,10.8,open-meteo
OPEN4071_N7401,2023-11-10,TMIN,5.4,open-meteo
OPEN4071_N7401,2023-11-10,PRCP,0.3,open-meteo
OPEN4071_N7401,2023-11-11,TMAX,12.2,open-meteo
OPEN4071_N7401,2023-11-11,TMIN,3.2,open-meteo
OPEN4071_N7401,2023-11-11,PRCP,0.0,open-meteo
OPEN4071_N7401,2023-11-12,TMAX,7.2,open-meteo
OPEN4071_N7401,2023-11-12,TMIN,-0.2,open-meteo
OPEN4071_N7401,2023-11-12,PRCP,0.0,open-meteo
OPEN4071_N7401,2023-11-13,TMAX,8.9,open-meteo
OPEN4071_N7401,2023-11-13,TMIN,-2.1,open-meteo
OPEN4071_N7401,2023-11-13,PRCP,0.0,open-meteo
OPEN4071_N7401,2023-11-14,TMAX,11.2,open-meteo
OPEN4071_N7401,2023-11-14,TMIN,2.2,open-meteo
OPEN4071_N7401,2023-11-14,PRCP,0.0,open-meteo
OPEN4071_N7401,2023-11-15,TMAX,10.9,open-meteo
OPEN4071_N7401,2023-11-15,TMIN,-1.1,open-meteo
OPEN4071_N7401,2023-11-15,PRCP,0.0,open-meteo
OPEN4071_N7401,2023-11-16,TMAX,17.9,open-meteo
OPEN4071_N7401,2023-11-16,TMIN,1.9,open-meteo
OPEN4071_N7401,2023-11-16,PRCP,0.0,open-meteo
OPEN4071_N7401,2023-11-17,TMAX,19.5,open-meteo
OPEN4071_N7401,2023-11-17,TMIN,4.3,open-meteo
OPEN4071_N7401,2023-11-17,PRCP,0.0,open-meteo
OPEN4071_N7401,2023-11-18,TMAX,13.0,open-meteo
OPEN4071_N7401,2023-11-18,TMIN,2.8,open-meteo
OPEN4071_N7401,2023-11-18,PRCP,1.2,open-meteo
OPEN4071_N7401,2023-11-19,TMAX,12.4,open-meteo
OPEN4071_N7401,2023-11-19,TMIN,1.1,open-meteo
OPEN4071_N7401,2023-11-19,PRCP,0.0,open-meteo
OPEN4071_N7401,2023-11-20,TMAX,7.2,open-meteo
OPEN4071_N7401,2023-11-20,TMIN,-0.9,open-meteo
OPEN4071_N7401,2023-11-20,PRCP,0.0,open-meteo
OPEN4071_N7401,2023-11-21,TMAX,9.1,open-meteo
OPEN4071_N7401,2023-11-21,TMIN,-1.2,open-meteo
OPEN4071_N7401,2023-11-21,PRCP,10.5,open-meteo
OPEN4071_N7401,2023-11-22,TMAX,14.4,open-meteo
OPEN4071_N7401,2023-11-22,TMIN,8.2,open-meteo
OPEN4071_N7401,2023-11-22,PRCP,22.1,open-meteo
OPEN4071_N7401,2023-11-23,TMAX,11.2,open-meteo
OPEN4071_N7401,2023-11-23,TMIN,5.2,open-meteo
OPEN4071_N7401,2023-11-23,PRCP,0.0,open-meteo
OPEN4071_N7401,2023-11-24,TMAX,9.9,open-meteo
OPEN4071_N7401,2023-11-24,TMIN,-0.5,open-meteo
OPEN4071_N7401,2023-11-24,PRCP,0.0,open-meteo
OPEN4071_N7401,2023-11-25,TMAX,4.2,open-meteo
OPEN4071_N7401,2023-11-25,TMIN,-3.0,open-meteo
OPEN4071_N7401,2023-11-25,PRCP,0.0,open-meteo
OPEN4071_N7401,2023-11-26,TMAX,11.9,open-meteo
OPEN4071_N7401,2023-11-26,TMIN,-2.5,open-meteo
OPEN4071_N7401,2023-11-26,PRCP,8.4,open-meteo
OPEN4071_N7401,2023-11-27,TMAX,12.8,open-meteo
OPEN4071_N7401,2023-11-27,TMIN,2.0,open-meteo
OPEN4071_N7401,2023-11-27,PRCP,1.5,open-meteo
OPEN4071_N7401,2023-11-28,TMAX,4.0,open-meteo
OPEN4071_N7401,2023-11-28,TMIN,-1.8,open-meteo
OPEN4071_N7401,2023-11-28,PRCP,0.1,open-meteo
OPEN4071_N7401,2023-11-29,TMAX,2.6,open-meteo
OPEN4071_N7401,2023-11-29,TMIN,-4.3,open-meteo
OPEN4071_N7401,2023-11-29,PRCP,0.0,open-meteo
OPEN4071_N7401,2023-11-30,TMAX,9.6,open-meteo
OPEN4071_N7401,2023-11-30,TMIN,-2.6,open-meteo
OPEN4071_N7401,2023-11-30,PRCP,0.0,open-meteo
OPEN4071_N7401,2023-12-01,TMAX,7.8,open-meteo
OPEN4071_N7401,2023-12-01,TMIN,-0.2,open-meteo
OPEN4071_N7401,2023-12-01,PRCP,5.4,open-meteo
OPEN4071_N7401,2023-12-02,TMAX,16.2,open-meteo
OPEN4071_N7401,2023-12-02,TMIN,4.4,open-meteo
OPEN4071_N7401,2023-12-02,PRCP,0.0,open-meteo
OPEN4071_N7401,2023-12-03,TMAX,10.1,open-meteo
OPEN4071_N7401,2023-12-03,TMIN,6.2,open-meteo
OPEN4071_N7401,2023-12-03,PRCP,16.2,open-meteo
OPEN4071_N7401,2023-12-04,TMAX,10.9,open-meteo
OPEN4071_N7401,2023-12-04,TMIN,4.2,open-meteo
OPEN4071_N7401,2023-12-04,PRCP,0.0,open-meteo
OPEN4071_N7401,2023-12-05,TMAX,6.7,open-meteo
OPEN4071_N7401,2023-12-05,TMIN,1.5,open-meteo
OPEN4071_N7401,2023-12-05,PRCP,0.0,open-meteo
OPEN4071_N7401,2023-12-06,TMAX,5.1,open-meteo
OPEN4071_N7401,2023-12-06,TMIN,-2.2,open-meteo
OPEN4071_N7401,2023-12-06,PRCP,0.1,open-meteo
OPEN4071_N7401,2023-12-07,TMAX,3.5,open-meteo
OPEN4071_N7401,2023-12-07,TMIN,-3.3,open-meteo
OPEN4071_N7401,2023-12-07,PRCP,0.0,open-meteo
OPEN4071_N7401,2023-12-08,TMAX,9.1,open-meteo
OPEN4071_N7401,2023-12-08,TMIN,-2.0,open-meteo
OPEN4071_N7401,2023-12-08,PRCP,0.0,open-meteo
OPEN4071_N7401,2023-12-09,TMAX,13.5,open-meteo
OPEN4071_N7401,2023-12-09,TMIN,1.1,open-meteo
OPEN4071_N7401,2023-12-09,PRCP,0.0,open-meteo
OPEN4071_N7401,2023-12-10,TMAX,17.0,open-meteo
OPEN4071_N7401,2023-12-10,TMIN,5.1,open-meteo
OPEN4071_N7401,2023-12-10,PRCP,35.8,open-meteo
OPEN4071_N7401,2023-12-11,TMAX,8.9,open-meteo
OPEN4071_N7401,2023-12-11,TMIN,2.2,open-meteo
OPEN4071_N7401,2023-12-11,PRCP,19.2,open-meteo
OPEN4071_N7401,2023-12-12,TMAX,6.2,open-meteo
OPEN4071_N7401,2023-12-12,TMIN,-2.2,open-meteo
OPEN4071_N7401,2023-12-12,PRCP,0.0,open-meteo
OPEN4071_N7401,2023-12-13,TMAX,7.5,open-meteo
OPEN4071_N7401,2023-12-13,TMIN,-0.3,open-meteo
OPEN4071_N7401,2023-12-13,PRCP,0.0,open-meteo
OPEN4071_N7401,2023-12-14,TMAX,4.7,open-meteo
OPEN4071_N7401,2023-12-14,TMIN,-3.2,open-meteo
OPEN4071_N7401,2023-12-14,PRCP,0.0,open-meteo
OPEN4071_N7401,2023-12-15,TMAX,12.5,open-meteo
OPEN4071_N7401,2023-12-15,TMIN,-0.6,open-meteo
OPEN4071_N7401,2023-12-15,PRCP,0.0,open-meteo
OPEN4071_N7401,2023-12-16,TMAX,11.6,open-meteo
OPEN4071_N7401,2023-12-16,TMIN,3.0,open-meteo
OPEN4071_N7401,2023-12-16,PRCP,0.0,open-meteo
OPEN4071_N7401,2023-12-17,TMAX,13.1,open-meteo
OPEN4071_N7401,2023-12-17,TMIN,5.3,open-meteo
OPEN4071_N7401,2023-12-17,PRCP,19.8,open-meteo
OPEN4071_N7401,2023-12-18,TMAX,15.6,open-meteo
OPEN4071_N7401,2023-12-18,TMIN,4.6,open-meteo
OPEN4071_N7401,2023-12-18,PRCP,75.9,open-meteo
OPEN4071_N7401,2023-12-19,TMAX,6.2,open-meteo
OPEN4071_N7401,2023-12-19,TMIN,-1.4,open-meteo
OPEN4071_N7401,2023-12-19,PRCP,0.0,open-meteo
OPEN4071_N7401,2023-12-20,TMAX,7.6,open-meteo
OPEN4071_N7401,2023-12-20,TMIN,-3.7,open-meteo
OPEN4071_N7401,2023-12-20,PRCP,0.0,open-meteo
OPEN4071_N7401,2023-12-21,TMAX,4.4,open-meteo
OPEN4071_N7401,2023-12-21,TMIN,-3.4,open-meteo
OPEN4071_N7401,2023-12-21,PRCP,0.0,open-meteo
OPEN4071_N7401,2023-12-22,TMAX,2.7,open-meteo
OPEN4071_N7401,2023-12-22,TMIN,-5.6,open-meteo
OPEN4071_N7401,2023-12-22,PRCP,0.0,open-meteo
OPEN4071_N7401,2023-12-23,TMAX,6.0,open-meteo
OPEN4071_N7401,2023-12-23,TMIN,-3.3,open-meteo
OPEN4071_N7401,2023-12-23,PRCP,0.5,open-meteo
OPEN4071_N7401,2023-12-24,TMAX,8.8,open-meteo
OPEN4071_N7401,2023-12-24,TMIN,1.3,open-meteo
OPEN4071_N7401,2023-12-24,PRCP,0.0,open-meteo
OPEN4071_N7401,2023-12-25,TMAX,11.6,open-meteo
OPEN4071_N7401,2023-12-25,TMIN,1.5,open-meteo
OPEN4071_N7401,2023-12-25,PRCP,0.0,open-meteo
OPEN4071_N7401,2023-12-26,TMAX,7.7,open-meteo
OPEN4071_N7401,2023-12-26,TMIN,3.0,open-meteo
OPEN4071_N7401,2023-12-26,PRCP,0.0,open-meteo
OPEN4071_N7401,2023-12-27,TMAX,9.1,open-meteo
OPEN4071_N7401,2023-12-27,TMIN,5.4,open-meteo
OPEN4071_N7401,2023-12-27,PRCP,6.9,open-meteo
OPEN4071_N7401,2023-12-28,TMAX,11.7,open-meteo
OPEN4071_N7401,2023-12-28,TMIN,8.8,open-meteo
OPEN4071_N7401,2023-12-28,PRCP,38.5,open-meteo
OPEN4071_N7401,2023-12-29,TMAX,13.4,open-meteo
OPEN4071_N7401,2023-12-29,TMIN,7.2,open-meteo
OPEN4071_N7401,2023-12-29,PRCP,0.3,open-meteo
OPEN4071_N7401,2023-12-30,TMAX,8.0,open-meteo
OPEN4071_N7401,2023-12-30,TMIN,1.3,open-meteo
OPEN4071_N7401,2023-12-30,PRCP,0.1,open-meteo
OPEN4071_N7401,2023-12-31,TMAX,6.5,open-meteo
OPEN4071_N7401,2023-12-31,TMIN,-2.0,open-meteo
OPEN4071_N7401,2023-12-31,PRCP,0.0,open-meteo
